Season,Name,Team,,WAR,DOL,NameASCII,PlayerId,MLBAMID
2024,Aaron Judge,NYY,,11.18378976,89.47031805,Aaron Judge,15640,592450
2022,Aaron Judge,NYY,,11.0787752,88.63020158,Aaron Judge,15640,592450
2024,Bobby Witt Jr.,KCR,,10.37692646,83.01541172,Bobby Witt Jr.,25764,677951
2018,Mookie Betts,BOS,,10.16285888,81.30287104,Mookie Betts,13611,605141
2018,Mike Trout,LAA,,9.450435925,75.6034874,Mike Trout,10155,545361
2015,Bryce Harper,WSN,,9.315669546,74.52535637,Bryce Harper,11579,547180
2015,Mike Trout,LAA,,9.299005022,74.39204017,Mike Trout,10155,545361
2024,Shohei Ohtani,LAD,,9.073679339,72.58943471,Shohei Ohtani,19755,660271
2023,Ronald Acuña Jr.,ATL,,9.067809097,72.54247277,Ronald Acuna Jr.,18401,660670
2017,Aaron Judge,NYY,,8.746304689,69.97043751,Aaron Judge,15640,592450
2015,Josh Donaldson,TOR,,8.710970166,69.68776133,Josh Donaldson,5038,518626
2016,Mike Trout,LAA,,8.696752968,69.57402374,Mike Trout,10155,545361
2019,Alex Bregman,HOU,,8.326347292,66.61077833,Alex Bregman,17678,608324
2024,Juan Soto,NYY,,8.146930518,65.17544414,Juan Soto,20123,665742
2024,Gunnar Henderson,BAL,,8.021244434,64.16995547,Gunnar Henderson,26289,683002
2018,Alex Bregman,HOU,,7.888608223,63.10886578,Alex Bregman,17678,608324
2019,Cody Bellinger,LAD,,7.838108688,62.7048695,Cody Bellinger,15998,641355
2023,Freddie Freeman,LAD,,7.823649732,62.58919785,Freddie Freeman,5361,518692
2018,Francisco Lindor,CLE,,7.788686004,62.30948803,Francisco Lindor,12916,596019
2019,Mike Trout,LAA,,7.774021875,62.192175,Mike Trout,10155,545361
2024,Francisco Lindor,NYM,,7.76770018,62.14160144,Francisco Lindor,12916,596019
2023,Mookie Betts,LAD,,7.700992691,61.60794152,Mookie Betts,13611,605141
2017,Jose Altuve,HOU,,7.697290377,61.57832302,Jose Altuve,5417,514888
2018,Christian Yelich,MIL,,7.686282457,61.49025965,Christian Yelich,11477,592885
2018,José Ramírez,CLE,,7.615276193,60.92220954,Jose Ramirez,13510,608070
2016,Kris Bryant,CHC,,7.492658209,59.94126567,Kris Bryant,15429,592178
2016,Mookie Betts,BOS,,7.371184353,58.96947482,Mookie Betts,13611,605141
2015,Joey Votto,CIN,,7.253964079,58.03171263,Joey Votto,4314,458015
2018,Manny Machado,- - -,,7.246013574,57.96810859,Manny Machado,11493,592518
2015,Paul Goldschmidt,ARI,,7.229978167,57.83982533,Paul Goldschmidt,9218,502671
2022,Nolan Arenado,STL,,7.209557583,57.67646066,Nolan Arenado,9777,571448
2016,Jose Altuve,HOU,,7.183278805,57.46623044,Jose Altuve,5417,514888
2021,Trea Turner,- - -,,7.131068224,57.04854579,Trea Turner,16252,607208
2022,Manny Machado,SDP,,7.124031104,56.99224883,Manny Machado,11493,592518
2017,José Ramírez,CLE,,6.989452524,55.91562019,Jose Ramirez,13510,608070
2017,Kris Bryant,CHC,,6.98641969,55.89135752,Kris Bryant,15429,592178
2022,Jose Altuve,HOU,,6.847728202,54.78182562,Jose Altuve,5417,514888
2022,Paul Goldschmidt,STL,,6.83208493,54.65667944,Paul Goldschmidt,9218,502671
2021,Fernando Tatis Jr.,SDP,,6.804382268,54.43505814,Fernando Tatis Jr.,19709,665487
2016,Josh Donaldson,TOR,,6.793767879,54.35014303,Josh Donaldson,5038,518626
2021,Juan Soto,WSN,,6.787155634,54.29724507,Juan Soto,20123,665742
2019,Anthony Rendon,WSN,,6.772477113,54.17981691,Anthony Rendon,12861,543685
2015,Buster Posey,SFG,,6.772103661,54.17682929,Buster Posey,9166,457763
2015,AJ Pollock,ARI,,6.768881649,54.15105319,AJ Pollock,9256,572041
2017,Mike Trout,LAA,,6.768269552,54.14615642,Mike Trout,10155,545361
2022,Freddie Freeman,LAD,,6.754702498,54.03761999,Freddie Freeman,5361,518692
2016,Buster Posey,SFG,,6.669738228,53.35790582,Buster Posey,9166,457763
2024,Jarren Duran,BOS,,6.667162163,53.3372973,Jarren Duran,24617,680776
2022,J.T. Realmuto,PHI,,6.654118297,53.23294638,J.T. Realmuto,11739,592663
2021,Bryce Harper,PHI,,6.645345326,53.1627626,Bryce Harper,11579,547180
2022,Dansby Swanson,ATL,,6.637041252,53.09633001,Dansby Swanson,18314,621020
2023,Matt Olson,ATL,,6.599811959,52.79849567,Matt Olson,14344,621566
2015,Manny Machado,BAL,,6.594378895,52.75503116,Manny Machado,11493,592518
2016,Brian Dozier,MIN,,6.569775887,52.5582071,Brian Dozier,9810,572821
2019,Christian Yelich,MIL,,6.562069014,52.49655212,Christian Yelich,11477,592885
2023,Shohei Ohtani,LAA,,6.541643535,52.33314828,Shohei Ohtani,19755,660271
2019,Marcus Semien,OAK,,6.487132901,51.89706321,Marcus Semien,12533,543760
2019,Rafael Devers,BOS,,6.457007398,51.65605918,Rafael Devers,17350,646240
2024,José Ramírez,CLE,,6.454358977,51.63487182,Jose Ramirez,13510,608070
2021,José Ramírez,CLE,,6.437034399,51.49627519,Jose Ramirez,13510,608070
2016,Freddie Freeman,ATL,,6.435546209,51.48436968,Freddie Freeman,5361,518692
2024,Elly De La Cruz,CIN,,6.428642098,51.42913679,Elly De La Cruz,26668,682829
2016,Robinson Canó,SEA,,6.385228031,51.08182425,Robinson Cano,3269,429664
2022,Trea Turner,LAD,,6.378093687,51.02474949,Trea Turner,16252,607208
2018,Matt Chapman,OAK,,6.372085888,50.97668711,Matt Chapman,16505,656305
2017,Giancarlo Stanton,MIA,,6.36822037,50.94576296,Giancarlo Stanton,4949,519317
2022,Francisco Lindor,NYM,,6.35407674,50.83261392,Francisco Lindor,12916,596019
2022,Yordan Alvarez,HOU,,6.347740596,50.78192477,Yordan Alvarez,19556,670541
2019,Ketel Marte,ARI,,6.334871668,50.67897335,Ketel Marte,13613,606466
2021,Vladimir Guerrero Jr.,TOR,,6.328074511,50.62459609,Vladimir Guerrero Jr.,19611,665489
2023,Corey Seager,TEX,,6.297109897,50.37687918,Corey Seager,13624,608369
2021,Carlos Correa,HOU,,6.294516016,50.35612813,Carlos Correa,14162,621043
2021,Bryan Reynolds,PIT,,6.287014869,50.29611896,Bryan Reynolds,19326,668804
2024,Ketel Marte,ARI,,6.275500463,50.2040037,Ketel Marte,13613,606466
2023,Marcus Semien,TEX,,6.26412296,50.11298368,Marcus Semien,12533,543760
2016,Adam Eaton,CHW,,6.247400591,49.97920473,Adam Eaton,11205,594809
2017,Joey Votto,CIN,,6.224571383,49.79657106,Joey Votto,4314,458015
2021,Brandon Crawford,SFG,,6.215501077,49.72400862,Brandon Crawford,5343,543063
2019,Nolan Arenado,COL,,6.125692274,49.00553819,Nolan Arenado,9777,571448
2016,Jean Segura,ARI,,6.124839754,48.99871804,Jean Segura,5933,516416
2022,Mookie Betts,LAD,,6.117596659,48.94077327,Mookie Betts,13611,605141
2022,Andrés Giménez,CLE,,6.116117115,48.92893692,Andres Gimenez,19950,665926
2015,Lorenzo Cain,KCR,,6.105629563,48.8450365,Lorenzo Cain,9077,456715
2019,George Springer,HOU,,6.100825201,48.80660161,George Springer,12856,543807
2015,Kris Bryant,CHC,,6.098145229,48.78516184,Kris Bryant,15429,592178
2019,Francisco Lindor,CLE,,6.064628844,48.51703075,Francisco Lindor,12916,596019
2017,Brian Dozier,MIN,,6.045755655,48.36604524,Brian Dozier,9810,572821
2019,Trevor Story,COL,,6.032969062,48.26375249,Trevor Story,12564,596115
2023,Juan Soto,SDP,,6.03017105,48.2413684,Juan Soto,20123,665742
2016,Nolan Arenado,COL,,6.028643219,48.22914575,Nolan Arenado,9777,571448
2018,Lorenzo Cain,MIL,,6.003954496,48.03163597,Lorenzo Cain,9077,456715
2021,Cedric Mullins,BAL,,5.991725706,47.93380565,Cedric Mullins,17929,656775
2022,Xander Bogaerts,BOS,,5.987661985,47.90129588,Xander Bogaerts,12161,593428
2019,Xander Bogaerts,BOS,,5.983286481,47.86629185,Xander Bogaerts,12161,593428
2022,José Ramírez,CLE,,5.967927911,47.74342329,Jose Ramirez,13510,608070
2021,Marcus Semien,TOR,,5.958715523,47.66972418,Marcus Semien,12533,543760
2015,Andrew McCutchen,PIT,,5.954165734,47.63332587,Andrew McCutchen,9847,457705
2016,Kyle Seager,SEA,,5.946817568,47.57454055,Kyle Seager,9785,572122
2018,Nolan Arenado,COL,,5.945339585,47.56271668,Nolan Arenado,9777,571448
2018,J.D. Martinez,BOS,,5.919712744,47.35770195,J.D. Martinez,6184,502110
2015,Francisco Cervelli,PIT,,5.912282735,47.29826188,Francisco Cervelli,5275,465041
2019,J.T. Realmuto,PHI,,5.911332007,47.29065605,J.T. Realmuto,11739,592663
2017,Anthony Rendon,WSN,,5.905907928,47.24726342,Anthony Rendon,12861,543685
2019,Mookie Betts,BOS,,5.905441854,47.24353483,Mookie Betts,13611,605141
2022,Austin Riley,ATL,,5.868127616,46.94502093,Austin Riley,18360,663586
2018,Javier Báez,CHC,,5.843579105,46.74863284,Javier Baez,12979,595879
2015,Yoenis Cespedes,- - -,,5.835319105,46.68255284,Yoenis Cespedes,13110,493316
2017,Tommy Pham,STL,,5.811671749,46.49337399,Tommy Pham,2967,502054
2017,Francisco Lindor,CLE,,5.802612824,46.42090259,Francisco Lindor,12916,596019
2023,Bobby Witt Jr.,KCR,,5.797584743,46.38067795,Bobby Witt Jr.,25764,677951
2018,Jose Altuve,HOU,,5.79454049,46.35632392,Jose Altuve,5417,514888
2022,Julio Rodríguez,SEA,,5.785867205,46.28693764,Julio Rodriguez,23697,677594
2023,Julio Rodríguez,SEA,,5.780271856,46.24217485,Julio Rodriguez,23697,677594
2017,Nolan Arenado,COL,,5.753522978,46.02818382,Nolan Arenado,9777,571448
2019,DJ LeMahieu,NYY,,5.749471353,45.99577082,DJ LeMahieu,9874,518934
2023,William Contreras,MIL,,5.74629314,45.97034512,William Contreras,20503,661388
2017,Marcell Ozuna,MIA,,5.73983918,45.91871344,Marcell Ozuna,10324,542303
2019,Yasmani Grandal,MIL,,5.735262878,45.88210302,Yasmani Grandal,11368,518735
2016,Manny Machado,BAL,,5.716591925,45.7327354,Manny Machado,11493,592518
2017,Justin Turner,LAD,,5.636542468,45.09233975,Justin Turner,5235,457759
2023,Adley Rutschman,BAL,,5.612973926,44.90379141,Adley Rutschman,26288,668939
2019,Javier Báez,CHC,,5.580812522,44.64650017,Javier Baez,12979,595879
2022,Jeff McNeil,NYM,,5.566819837,44.5345587,Jeff McNeil,15362,643446
2015,Jason Heyward,STL,,5.555247172,44.44197738,Jason Heyward,4940,518792
2023,Francisco Lindor,NYM,,5.529015448,44.23212358,Francisco Lindor,12916,596019
2019,Juan Soto,WSN,,5.521608145,44.17286516,Juan Soto,20123,665742
2018,Anthony Rendon,WSN,,5.485767125,43.886137,Anthony Rendon,12861,543685
2021,Aaron Judge,NYY,,5.473519288,43.7881543,Aaron Judge,15640,592450
2016,Jackie Bradley Jr.,BOS,,5.464382953,43.71506362,Jackie Bradley Jr.,12984,598265
2021,Nicky Lopez,KCR,,5.45797781,43.66382248,Nicky Lopez,19339,670032
2019,Matt Chapman,OAK,,5.456003576,43.64802861,Matt Chapman,16505,656305
2024,Matt Chapman,SFG,,5.446171657,43.56937326,Matt Chapman,16505,656305
2015,Chris Davis,BAL,,5.433366688,43.4669335,Chris Davis,9272,448801
2024,William Contreras,MIL,,5.415602883,43.32482307,William Contreras,20503,661388
2022,Brandon Nimmo,NYM,,5.414751382,43.31801106,Brandon Nimmo,12927,607043
2016,Ian Kinsler,DET,,5.408172517,43.26538014,Ian Kinsler,6195,435079
2024,Cal Raleigh,SEA,,5.406838091,43.25470473,Cal Raleigh,21534,663728
2022,Alex Bregman,HOU,,5.38904561,43.11236488,Alex Bregman,17678,608324
2017,Charlie Blackmon,COL,,5.369843748,42.95874998,Charlie Blackmon,7859,453568
2023,Corbin Carroll,ARI,,5.359283704,42.87426963,Corbin Carroll,25878,682998
2017,Paul Goldschmidt,ARI,,5.356553052,42.85242442,Paul Goldschmidt,9218,502671
2024,Vladimir Guerrero Jr.,TOR,,5.353724546,42.82979637,Vladimir Guerrero Jr.,19611,665489
2022,Tommy Edman,STL,,5.342280896,42.73824716,Tommy Edman,19470,669242
2015,Curtis Granderson,NYM,,5.332002578,42.65602062,Curtis Granderson,4747,434158
2016,Miguel Cabrera,DET,,5.323320983,42.58656787,Miguel Cabrera,1744,408234
2021,Tyler O'Neill,STL,,5.295236181,42.36188945,Tyler O'Neill,15711,641933
2015,Matt Carpenter,STL,,5.287457478,42.29965982,Matt Carpenter,8090,572761
2024,Jackson Merrill,SDP,,5.2831208,42.2649664,Jackson Merrill,29490,701538
2018,Yasmani Grandal,LAD,,5.273614339,42.18891471,Yasmani Grandal,11368,518735
2024,Yordan Alvarez,HOU,,5.261313568,42.09050855,Yordan Alvarez,19556,670541
2021,Jose Altuve,HOU,,5.249145159,41.99316127,Jose Altuve,5417,514888
2016,Christian Yelich,MIA,,5.247375971,41.97900777,Christian Yelich,11477,592885
2016,Corey Seager,LAD,,5.243721718,41.94977374,Corey Seager,13624,608369
2022,Sean Murphy,OAK,,5.239942003,41.91953602,Sean Murphy,19352,669221
2015,Anthony Rizzo,CHC,,5.221956109,41.77564887,Anthony Rizzo,3473,519203
2019,Josh Donaldson,ATL,,5.219371869,41.75497495,Josh Donaldson,5038,518626
2015,José Bautista,TOR,,5.211149213,41.6891937,Jose Bautista,1887,430832
2024,Bryce Harper,PHI,,5.20081228,41.60649824,Bryce Harper,11579,547180
2016,Francisco Lindor,CLE,,5.183513325,41.4681066,Francisco Lindor,12916,596019
2021,Starling Marte,- - -,,5.182061313,41.4564905,Starling Marte,9241,516782
2015,J.D. Martinez,DET,,5.176804128,41.41443303,J.D. Martinez,6184,502110
2019,Yoán Moncada,CHW,,5.167857953,41.34286362,Yoan Moncada,17232,660162
2016,Adrian Beltré,TEX,,5.15926455,41.2741164,Adrian Beltre,639,134181
2018,Trea Turner,WSN,,5.146549714,41.17239772,Trea Turner,16252,607208
2024,Brent Rooker,OAK,,5.134670526,41.07736421,Brent Rooker,19627,667670
2023,Austin Riley,ATL,,5.111077981,40.88862385,Austin Riley,18360,663586
2016,José Ramírez,CLE,,5.104714561,40.83771649,Jose Ramirez,13510,608070
2021,Austin Riley,ATL,,5.093233078,40.74586462,Austin Riley,18360,663586
2018,Jed Lowrie,OAK,,5.074533519,40.59626815,Jed Lowrie,4418,476704
2018,Brandon Nimmo,NYM,,5.038665674,40.30932539,Brandon Nimmo,12927,607043
2015,Nelson Cruz,SEA,,5.032417767,40.25934214,Nelson Cruz,2434,443558
2017,Corey Seager,LAD,,5.024508038,40.19606431,Corey Seager,13624,608369
2021,Shohei Ohtani,LAA,,5.020253073,40.16202458,Shohei Ohtani,19755,660271
2018,Mitch Haniger,SEA,,5.013747805,40.10998244,Mitch Haniger,14274,571745
2016,DJ LeMahieu,COL,,5.012615509,40.10092407,DJ LeMahieu,9874,518934
2022,Rafael Devers,BOS,,5.003487835,40.02790268,Rafael Devers,17350,646240
2021,Kyle Tucker,HOU,,4.989539461,39.91631569,Kyle Tucker,18345,663656
2017,Lorenzo Cain,KCR,,4.988273946,39.90619157,Lorenzo Cain,9077,456715
2023,Yandy Díaz,TBR,,4.986917587,39.89534069,Yandy Diaz,16578,650490
2023,Kyle Tucker,HOU,,4.983220743,39.86576594,Kyle Tucker,18345,663656
2018,Whit Merrifield,KCR,,4.981099752,39.84879801,Whit Merrifield,11281,593160
2016,Joey Votto,CIN,,4.971787371,39.77429897,Joey Votto,4314,458015
2019,Jose Altuve,HOU,,4.967386755,39.73909404,Jose Altuve,5417,514888
2021,Matt Olson,OAK,,4.953692449,39.62953959,Matt Olson,14344,621566
2017,Buster Posey,SFG,,4.944433095,39.55546476,Buster Posey,9166,457763
2023,Luis Robert Jr.,CHW,,4.923459961,39.38767969,Luis Robert Jr.,20043,673357
2022,Kyle Tucker,HOU,,4.915056535,39.32045228,Kyle Tucker,18345,663656
2023,Dansby Swanson,CHC,,4.903249577,39.22599661,Dansby Swanson,18314,621020
2017,Travis Shaw,MIL,,4.900377183,39.20301746,Travis Shaw,11982,543768
2023,J.P. Crawford,SEA,,4.885311444,39.08249155,J.P. Crawford,15491,641487
2021,Bo Bichette,TOR,,4.869848898,38.95879118,Bo Bichette,19612,666182
2016,Anthony Rizzo,CHC,,4.847237193,38.77789754,Anthony Rizzo,3473,519203
2019,Ronald Acuña Jr.,ATL,,4.845492029,38.76393623,Ronald Acuna Jr.,18401,660670
2021,Paul Goldschmidt,STL,,4.82688037,38.61504296,Paul Goldschmidt,9218,502671
2022,Bo Bichette,TOR,,4.817692952,38.54154362,Bo Bichette,19612,666182
2015,Dee Strange-Gordon,MIA,,4.801095034,38.40876027,Dee Strange-Gordon,8203,543829
2017,Mookie Betts,BOS,,4.775445986,38.20356788,Mookie Betts,13611,605141
2015,Mookie Betts,BOS,,4.774566291,38.19653033,Mookie Betts,13611,605141
2024,Willy Adames,MIL,,4.762034045,38.09627236,Willy Adames,15986,642715
2017,Andrelton Simmons,LAA,,4.759428137,38.07542509,Andrelton Simmons,10847,592743
2021,Freddie Freeman,ATL,,4.748221369,37.98577095,Freddie Freeman,5361,518692
2023,Gunnar Henderson,BAL,,4.747376973,37.97901578,Gunnar Henderson,26289,683002
2019,Carlos Santana,CLE,,4.739628026,37.91702421,Carlos Santana,2396,467793
2019,Jeff McNeil,NYM,,4.733074453,37.86459562,Jeff McNeil,15362,643446
2018,Trevor Story,COL,,4.711340713,37.6907257,Trevor Story,12564,596115
2019,Pete Alonso,NYM,,4.709653293,37.67722634,Pete Alonso,19251,624413
2022,Steven Kwan,CLE,,4.707530225,37.6602418,Steven Kwan,24610,680757
2017,Alex Bregman,HOU,,4.685935938,37.48748751,Alex Bregman,17678,608324
2024,Marcell Ozuna,ATL,,4.673465847,37.38772677,Marcell Ozuna,10324,542303
2016,Daniel Murphy,WSN,,4.671111532,37.36889225,Daniel Murphy,4316,502517
2018,J.T. Realmuto,MIA,,4.659729843,37.27783875,J.T. Realmuto,11739,592663
2021,J.T. Realmuto,PHI,,4.63633263,37.09066104,J.T. Realmuto,11739,592663
2016,Nelson Cruz,SEA,,4.635937121,37.08749697,Nelson Cruz,2434,443558
2023,Nico Hoerner,CHC,,4.628437427,37.02749941,Nico Hoerner,21479,663538
2023,Xander Bogaerts,SDP,,4.621823609,36.97458887,Xander Bogaerts,12161,593428
2018,Paul Goldschmidt,ARI,,4.621708066,36.97366453,Paul Goldschmidt,9218,502671
2016,Charlie Blackmon,COL,,4.619110755,36.95288604,Charlie Blackmon,7859,453568
2018,Xander Bogaerts,BOS,,4.616803117,36.93442493,Xander Bogaerts,12161,593428
2023,José Ramírez,CLE,,4.616257335,36.93005868,Jose Ramirez,13510,608070
2021,Will Smith,LAD,,4.596335957,36.77068766,Will Smith,19197,669257
2015,Xander Bogaerts,BOS,,4.59311026,36.74488208,Xander Bogaerts,12161,593428
2015,Miguel Cabrera,DET,,4.576370936,36.61096749,Miguel Cabrera,1744,408234
2018,Freddie Freeman,ATL,,4.575442307,36.60353846,Freddie Freeman,5361,518692
2023,Adolis García,TEX,,4.574856918,36.59885535,Adolis Garcia,19287,666969
2017,Chris Taylor,LAD,,4.571650778,36.57320622,Chris Taylor,13757,621035
2022,Carlos Correa,MIN,,4.565113303,36.52090643,Carlos Correa,14162,621043
2016,David Ortiz,BOS,,4.564687565,36.51750052,David Ortiz,745,120074
2024,Corey Seager,TEX,,4.553572469,36.42857975,Corey Seager,13624,608369
2016,Yadier Molina,STL,,4.542082695,36.33666156,Yadier Molina,7007,425877
2019,Nelson Cruz,MIN,,4.540846749,36.32677399,Nelson Cruz,2434,443558
2015,Edwin Encarnación,TOR,,4.525335819,36.20268655,Edwin Encarnacion,2151,429665
2017,Jonathan Schoop,BAL,,4.513611553,36.10889242,Jonathan Schoop,11265,570731
2021,Max Muncy,LAD,,4.511895126,36.09516101,Max Muncy,13301,571970
2023,Alex Bregman,HOU,,4.511607932,36.09286346,Alex Bregman,17678,608324
2017,Byron Buxton,MIN,,4.503601854,36.02881484,Byron Buxton,14161,621439
2019,Tim Anderson,CHW,,4.502798232,36.02238585,Tim Anderson,15172,641313
2015,Jason Kipnis,CLE,,4.501170962,36.0093677,Jason Kipnis,9776,543401
2017,Freddie Freeman,ATL,,4.49390569,35.95124552,Freddie Freeman,5361,518692
2017,Avisaíl García,CHW,,4.491889573,35.93511659,Avisail Garcia,5760,541645
2015,Nolan Arenado,COL,,4.48374946,35.86999568,Nolan Arenado,9777,571448
2021,Manny Machado,SDP,,4.471292457,35.77033966,Manny Machado,11493,592518
2021,Brandon Lowe,TBR,,4.469127736,35.75302189,Brandon Lowe,18882,664040
2015,Russell Martin,TOR,,4.467947436,35.74357949,Russell Martin,4616,431145
2017,J.T. Realmuto,MIA,,4.464968264,35.71974611,J.T. Realmuto,11739,592663
2016,Jonathan Lucroy,- - -,,4.443234526,35.54587621,Jonathan Lucroy,7870,518960
2022,Willy Adames,MIL,,4.439845263,35.51876211,Willy Adames,15986,642715
2023,Cody Bellinger,CHC,,4.436613735,35.49290988,Cody Bellinger,15998,641355
2017,Justin Upton,- - -,,4.430410819,35.44328656,Justin Upton,5222,457708
2018,Eugenio Suárez,CIN,,4.42987506,35.43900048,Eugenio Suarez,12552,553993
2015,Jose Altuve,HOU,,4.427802637,35.42242109,Jose Altuve,5417,514888
2017,Anthony Rizzo,CHC,,4.427149057,35.41719245,Anthony Rizzo,3473,519203
2017,Marwin Gonzalez,HOU,,4.409469237,35.2757539,Marwin Gonzalez,5497,503556
2015,Matt Duffy,SFG,,4.400666311,35.20533049,Matt Duffy,13836,622110
2022,Corey Seager,TEX,,4.394606285,35.15685028,Corey Seager,13624,608369
2018,Andrew Benintendi,BOS,,4.392654007,35.14123206,Andrew Benintendi,17901,643217
2019,Freddie Freeman,ATL,,4.390544742,35.12435793,Freddie Freeman,5361,518692
2024,Mookie Betts,LAD,,4.390284313,35.1222745,Mookie Betts,13611,605141
2019,Kris Bryant,CHC,,4.387535264,35.10028211,Kris Bryant,15429,592178
2017,José Abreu,CHW,,4.383696135,35.06956908,Jose Abreu,15676,547989
2019,Trea Turner,WSN,,4.382462769,35.05970215,Trea Turner,16252,607208
2016,Paul Goldschmidt,ARI,,4.382254591,35.05803673,Paul Goldschmidt,9218,502671
2019,Max Muncy,LAD,,4.380404898,35.04323919,Max Muncy,13301,571970
2016,George Springer,HOU,,4.374790836,34.99832669,George Springer,12856,543807
2016,Justin Turner,LAD,,4.363174668,34.90539734,Justin Turner,5235,457759
2022,Daulton Varsho,ARI,,4.362778483,34.90222786,Daulton Varsho,19918,662139
2017,George Springer,HOU,,4.362543997,34.90035197,George Springer,12856,543807
2021,Joey Gallo,- - -,,4.355697952,34.84558361,Joey Gallo,14128,608336
2022,Marcus Semien,TEX,,4.350752708,34.80602166,Marcus Semien,12533,543760
2019,Eugenio Suárez,CIN,,4.344009573,34.75207658,Eugenio Suarez,12552,553993
2023,Cal Raleigh,SEA,,4.340887137,34.7270971,Cal Raleigh,21534,663728
2018,Andrelton Simmons,LAA,,4.336230221,34.68984177,Andrelton Simmons,10847,592743
2022,Eugenio Suárez,SEA,,4.327631394,34.62105115,Eugenio Suarez,12552,553993
2022,Will Smith,LAD,,4.321547251,34.57237801,Will Smith,19197,669257
2015,Todd Frazier,CIN,,4.320879084,34.56703267,Todd Frazier,785,453943
2015,Adrian Beltré,TEX,,4.310571286,34.48457029,Adrian Beltre,639,134181
2023,Ketel Marte,ARI,,4.301973208,34.41578566,Ketel Marte,13613,606466
2021,Tim Anderson,CHW,,4.297102881,34.37682305,Tim Anderson,15172,641313
2024,Jurickson Profar,SDP,,4.293113773,34.34491018,Jurickson Profar,10815,595777
2024,Dansby Swanson,CHC,,4.285343948,34.28275158,Dansby Swanson,18314,621020
2022,Nico Hoerner,CHC,,4.276769964,34.21415972,Nico Hoerner,21479,663538
2022,Alejandro Kirk,TOR,,4.27192753,34.17542024,Alejandro Kirk,22581,672386
2015,Kevin Kiermaier,TBR,,4.266099766,34.12879812,Kevin Kiermaier,11038,595281
2016,Dexter Fowler,CHC,,4.257885155,34.06308124,Dexter Fowler,4062,451594
2015,Brandon Crawford,SFG,,4.253776269,34.03021015,Brandon Crawford,5343,543063
2023,Isaac Paredes,TBR,,4.251497418,34.01197935,Isaac Paredes,20036,670623
2021,Nolan Arenado,STL,,4.251127137,34.00901709,Nolan Arenado,9777,571448
2021,Rafael Devers,BOS,,4.241354708,33.93083767,Rafael Devers,17350,646240
2023,Trea Turner,PHI,,4.239700756,33.91760605,Trea Turner,16252,607208
2016,Evan Longoria,TBR,,4.23859144,33.90873152,Evan Longoria,9368,446334
2023,Ha-Seong Kim,SDP,,4.235825517,33.88660414,Ha-Seong Kim,27506,673490
2019,Austin Meadows,TBR,,4.22609629,33.80877032,Austin Meadows,15672,640457
2019,Ozzie Albies,ATL,,4.209457751,33.67566201,Ozzie Albies,16556,645277
2023,Bryson Stott,PHI,,4.188988262,33.5119061,Bryson Stott,26294,681082
2017,Zack Cozart,CIN,,4.188708929,33.50967143,Zack Cozart,2616,446359
2023,Brandon Nimmo,NYM,,4.177836464,33.42269171,Brandon Nimmo,12927,607043
2024,Marcus Semien,TEX,,4.171456895,33.37165516,Marcus Semien,12533,543760
2019,Michael Conforto,NYM,,4.168345777,33.34676622,Michael Conforto,16376,624424
2024,Alex Bregman,HOU,,4.148722102,33.18977681,Alex Bregman,17678,608324
2017,Elvis Andrus,TEX,,4.13981446,33.11851568,Elvis Andrus,8709,462101
2024,Steven Kwan,CLE,,4.139632685,33.11706148,Steven Kwan,24610,680757
2021,Xander Bogaerts,BOS,,4.139171351,33.11337081,Xander Bogaerts,12161,593428
2024,Rafael Devers,BOS,,4.128811184,33.03048947,Rafael Devers,17350,646240
2018,Matt Carpenter,STL,,4.12728859,33.01830872,Matt Carpenter,8090,572761
2022,George Springer,TOR,,4.12508547,33.00068376,George Springer,12856,543807
2021,Javier Báez,- - -,,4.123513747,32.98810997,Javier Baez,12979,595879
2017,Gary Sánchez,NYY,,4.110116988,32.88093591,Gary Sanchez,11442,596142
2023,Fernando Tatis Jr.,SDP,,4.100997381,32.80797905,Fernando Tatis Jr.,19709,665487
2016,Wilson Ramos,WSN,,4.092538725,32.7403098,Wilson Ramos,1433,467092
2023,Ozzie Albies,ATL,,4.08402949,32.67223592,Ozzie Albies,16556,645277
2016,Carlos Correa,HOU,,4.081032588,32.64826071,Carlos Correa,14162,621043
2016,Brandon Crawford,SFG,,4.069477428,32.55581942,Brandon Crawford,5343,543063
2017,Ender Inciarte,ATL,,4.069445925,32.5555674,Ender Inciarte,4922,542255
2015,Logan Forsythe,TBR,,4.061486331,32.49189065,Logan Forsythe,7185,523253
2018,Starling Marte,PIT,,4.059431884,32.47545507,Starling Marte,9241,516782
2024,Freddie Freeman,LAD,,4.055302939,32.44242351,Freddie Freeman,5361,518692
2021,Justin Turner,LAD,,4.04859519,32.38876152,Justin Turner,5235,457759
2018,Nick Ahmed,ARI,,4.04578751,32.36630008,Nick Ahmed,12147,605113
2024,Corbin Carroll,ARI,,4.034961304,32.27969044,Corbin Carroll,25878,682998
2017,Christian Yelich,MIA,,4.025482384,32.20385908,Christian Yelich,11477,592885
2016,Jason Kipnis,CLE,,4.021052441,32.16841953,Jason Kipnis,9776,543401
2021,Teoscar Hernández,TOR,,4.016899399,32.13519519,Teoscar Hernandez,13066,606192
2019,Yuli Gurriel,HOU,,4.011655177,32.09324142,Yuli Gurriel,19198,493329
2024,Riley Greene,DET,,4.009975601,32.07980481,Riley Greene,25976,682985
2024,Colton Cowser,BAL,,4.009292841,32.07434273,Colton Cowser,29591,681297
2016,Matt Carpenter,STL,,4.00645218,32.05161744,Matt Carpenter,8090,572761
2018,Aaron Hicks,NYY,,4.002652362,32.02121889,Aaron Hicks,5297,543305
2024,Jazz Chisholm Jr.,- - -,,3.989631294,31.91705035,Jazz Chisholm Jr.,20454,665862
2024,Nico Hoerner,CHC,,3.982557541,31.86046033,Nico Hoerner,21479,663538
2021,Jorge Polanco,MIN,,3.981445941,31.85156753,Jorge Polanco,13152,593871
2023,James Outman,LAD,,3.974445042,31.79556034,James Outman,24770,681546
2018,Joey Wendle,TBR,,3.97264409,31.78115272,Joey Wendle,13853,621563
2018,Ozzie Albies,ATL,,3.971388451,31.77110761,Ozzie Albies,16556,645277
2017,Cody Bellinger,LAD,,3.967069309,31.73655447,Cody Bellinger,15998,641355
2023,Jonah Heim,TEX,,3.955587982,31.64470385,Jonah Heim,16930,641680
2017,Eugenio Suárez,CIN,,3.950789037,31.6063123,Eugenio Suarez,12552,553993
2022,Christian Walker,ARI,,3.948874805,31.59099844,Christian Walker,13419,572233
2021,Randy Arozarena,TBR,,3.941367352,31.53093881,Randy Arozarena,19290,668227
2024,Jose Altuve,HOU,,3.937359075,31.4988726,Jose Altuve,5417,514888
2021,Francisco Lindor,NYM,,3.936309871,31.49047897,Francisco Lindor,12916,596019
2023,Bo Bichette,TOR,,3.928288363,31.4263069,Bo Bichette,19612,666182
2017,Jed Lowrie,OAK,,3.926775918,31.41420734,Jed Lowrie,4418,476704
2015,Brandon Belt,SFG,,3.926642356,31.41313885,Brandon Belt,10264,474832
2015,David Peralta,ARI,,3.925990712,31.40792569,David Peralta,2136,444482
2023,TJ Friedl,CIN,,3.922378607,31.37902886,TJ Friedl,19522,670770
2024,Trea Turner,PHI,,3.9217141,31.3737128,Trea Turner,16252,607208
2016,Ender Inciarte,ATL,,3.917396769,31.33917416,Ender Inciarte,4922,542255
2024,Jackson Chourio,MIL,,3.909983033,31.27986427,Jackson Chourio,28806,694192
2021,Mookie Betts,LAD,,3.907989907,31.26391925,Mookie Betts,13611,605141
2023,Will Smith,LAD,,3.898329147,31.18663318,Will Smith,19197,669257
2019,Justin Turner,LAD,,3.897452942,31.17962353,Justin Turner,5235,457759
2015,Ian Kinsler,DET,,3.895408973,31.16327179,Ian Kinsler,6195,435079
2016,Dustin Pedroia,BOS,,3.886223352,31.08978681,Dustin Pedroia,8370,456030
2019,J.D. Martinez,BOS,,3.886134768,31.08907814,J.D. Martinez,6184,502110
2024,Julio Rodríguez,SEA,,3.883420712,31.06736569,Julio Rodriguez,23697,677594
2021,Jeimer Candelario,DET,,3.871354883,30.97083906,Jeimer Candelario,13621,600869
2022,Yandy Díaz,TBR,,3.868748753,30.94999003,Yandy Diaz,16578,650490
2019,Bryce Harper,PHI,,3.86604683,30.92837464,Bryce Harper,11579,547180
2018,Miguel Andujar,NYY,,3.864445979,30.91556783,Miguel Andujar,15878,609280
2022,Matt Chapman,TOR,,3.862717233,30.90173786,Matt Chapman,16505,656305
2015,Adam Eaton,CHW,,3.859639962,30.8771197,Adam Eaton,11205,594809
2019,Max Kepler,MIN,,3.852644597,30.82115678,Max Kepler,12144,596146
2023,Christian Walker,ARI,,3.84721057,30.77768456,Christian Walker,13419,572233
2015,Mike Moustakas,KCR,,3.84220398,30.73763184,Mike Moustakas,4892,519058
2019,Michael Brantley,HOU,,3.84039923,30.72319384,Michael Brantley,4106,488726
2022,Pete Alonso,NYM,,3.83269676,30.66157408,Pete Alonso,19251,624413
2015,Derek Norris,SDP,,3.823394007,30.58715206,Derek Norris,6867,519083
2023,Michael Harris II,ATL,,3.821126353,30.56901083,Michael Harris II,25931,671739
2015,Evan Longoria,TBR,,3.819757506,30.55806005,Evan Longoria,9368,446334
2019,Matt Olson,OAK,,3.813526621,30.50821296,Matt Olson,14344,621566
2016,Odúbel Herrera,PHI,,3.810961549,30.4876924,Odubel Herrera,11476,546318
2017,Brett Gardner,NYY,,3.806334723,30.45067779,Brett Gardner,9927,458731
2023,Andrés Giménez,CLE,,3.805683074,30.44546459,Andres Gimenez,19950,665926
2024,Eugenio Suárez,ARI,,3.800543546,30.40434837,Eugenio Suarez,12552,553993
2022,José Abreu,CHW,,3.788124305,30.30499444,Jose Abreu,15676,547989
2023,Christian Yelich,MIL,,3.787874656,30.30299725,Christian Yelich,11477,592885
2018,Jean Segura,SEA,,3.7761686,30.2093488,Jean Segura,5933,516416
2015,Kyle Seager,SEA,,3.769490452,30.15592362,Kyle Seager,9785,572122
2017,Josh Reddick,HOU,,3.761100889,30.08880711,Josh Reddick,3892,502210
2015,Odúbel Herrera,PHI,,3.75453629,30.03629032,Odubel Herrera,11476,546318
2017,Steven Souza Jr.,TBR,,3.751724674,30.01379739,Steven Souza Jr.,5667,519306
2021,Yoán Moncada,CHW,,3.750017937,30.0001435,Yoan Moncada,17232,660162
2018,Giancarlo Stanton,NYY,,3.738211742,29.90569393,Giancarlo Stanton,4949,519317
2022,Ian Happ,CHC,,3.732573075,29.8605846,Ian Happ,17919,664023
2021,Jake Cronenworth,SDP,,3.730678907,29.84543125,Jake Cronenworth,18036,630105
2016,Jake Lamb,ARI,,3.727391617,29.81913294,Jake Lamb,13329,571875
2015,Kevin Pillar,TOR,,3.719642418,29.75713934,Kevin Pillar,12434,607680
2016,Brandon Belt,SFG,,3.709632424,29.67705939,Brandon Belt,10264,474832
2018,Travis Shaw,MIL,,3.708248397,29.66598717,Travis Shaw,11982,543768
2021,Matt Chapman,OAK,,3.707154247,29.65723397,Matt Chapman,16505,656305
2018,David Peralta,ARI,,3.69734677,29.57877416,David Peralta,2136,444482
2017,Eric Hosmer,KCR,,3.694347079,29.55477663,Eric Hosmer,3516,543333
2019,Victor Robles,WSN,,3.691809637,29.5344771,Victor Robles,18363,645302
2022,Juan Soto,- - -,,3.685694336,29.48555469,Juan Soto,20123,665742
2024,Ezequiel Tovar,COL,,3.684179048,29.47343238,Ezequiel Tovar,24064,678662
2019,Bryan Reynolds,PIT,,3.683222298,29.46577838,Bryan Reynolds,19326,668804
2022,Taylor Ward,LAA,,3.672258278,29.37806623,Taylor Ward,17548,621493
2016,Russell Martin,TOR,,3.667520736,29.34016588,Russell Martin,4616,431145
2016,Starling Marte,PIT,,3.662502033,29.30001626,Starling Marte,9241,516782
2021,Ozzie Albies,ATL,,3.659442364,29.27553892,Ozzie Albies,16556,645277
2021,Enrique Hernández,BOS,,3.659152048,29.27321638,Enrique Hernandez,10472,571771
2019,Starling Marte,PIT,,3.651706871,29.21365497,Starling Marte,9241,516782
2022,Jake Cronenworth,SDP,,3.650911838,29.2072947,Jake Cronenworth,18036,630105
2017,Daniel Murphy,WSN,,3.649990882,29.19992705,Daniel Murphy,4316,502517
2022,Ha-Seong Kim,SDP,,3.647951304,29.18361043,Ha-Seong Kim,27506,673490
2024,Brenton Doyle,COL,,3.647191197,29.17752958,Brenton Doyle,25479,686668
2016,Xander Bogaerts,BOS,,3.646088436,29.16870749,Xander Bogaerts,12161,593428
2022,Cedric Mullins,BAL,,3.645919985,29.16735988,Cedric Mullins,17929,656775
2018,Eduardo Escobar,- - -,,3.625663651,29.00530921,Eduardo Escobar,6153,500871
2018,Tommy Pham,- - -,,3.622248169,28.97798535,Tommy Pham,2967,502054
2017,Andrew McCutchen,PIT,,3.619663429,28.95730743,Andrew McCutchen,9847,457705
2019,Anthony Rizzo,CHC,,3.618177979,28.94542383,Anthony Rizzo,3473,519203
2016,Elvis Andrus,TEX,,3.602452266,28.81961813,Elvis Andrus,8709,462101
2022,Shohei Ohtani,LAA,,3.601728746,28.81382997,Shohei Ohtani,19755,660271
2024,Ian Happ,CHC,,3.596751812,28.77401449,Ian Happ,17919,664023
2021,Nick Castellanos,CIN,,3.592322995,28.73858396,Nick Castellanos,11737,592206
2021,Pete Alonso,NYM,,3.586109138,28.6888731,Pete Alonso,19251,624413
2024,Masyn Winn,STL,,3.581142929,28.64914343,Masyn Winn,27479,691026
2016,Ben Zobrist,CHC,,3.580310515,28.64248412,Ben Zobrist,7435,450314
2016,Addison Russell,CHC,,3.577458441,28.61966753,Addison Russell,14106,608365
2016,Edwin Encarnación,TOR,,3.568190435,28.54552348,Edwin Encarnacion,2151,429665
2019,Corey Seager,LAD,,3.566302331,28.53041865,Corey Seager,13624,608369
2023,Gleyber Torres,NYY,,3.562661584,28.50129267,Gleyber Torres,16997,650402
2018,Chris Taylor,LAD,,3.553103544,28.42482835,Chris Taylor,13757,621035
2024,Seiya Suzuki,CHC,,3.551398909,28.41119127,Seiya Suzuki,30116,673548
2024,Manny Machado,SDP,,3.544925669,28.35940535,Manny Machado,11493,592518
2017,Kyle Seager,SEA,,3.544214022,28.35371217,Kyle Seager,9785,572122
2021,Joey Votto,CIN,,3.543763992,28.35011194,Joey Votto,4314,458015
2018,Scooter Gennett,CIN,,3.540829671,28.32663737,Scooter Gennett,10339,571697
2017,Jean Segura,SEA,,3.537387087,28.29909669,Jean Segura,5933,516416
2023,Bryce Harper,PHI,,3.536230196,28.28984157,Bryce Harper,11579,547180
2017,Nelson Cruz,SEA,,3.532472943,28.25978354,Nelson Cruz,2434,443558
2018,Michael Brantley,CLE,,3.522586733,28.18069386,Michael Brantley,4106,488726
2018,Cody Bellinger,LAD,,3.517870937,28.1429675,Cody Bellinger,15998,641355
2024,Oneil Cruz,PIT,,3.516395588,28.1311647,Oneil Cruz,21711,665833
2019,Jorge Soler,KCR,,3.514113546,28.11290837,Jorge Soler,14221,624585
2017,Ryan Zimmerman,WSN,,3.510263232,28.08210585,Ryan Zimmerman,4220,475582
2024,Alec Bohm,PHI,,3.508880657,28.07104525,Alec Bohm,21618,664761
2024,Teoscar Hernández,LAD,,3.500727544,28.00582035,Teoscar Hernandez,13066,606192
2023,Josh Lowe,TBR,,3.500703121,28.00562497,Josh Lowe,19953,666139
2015,Michael Brantley,CLE,,3.495148959,27.96119167,Michael Brantley,4106,488726
2019,Trey Mancini,BAL,,3.493804766,27.95043813,Trey Mancini,15149,641820
2024,Zach Neto,LAA,,3.492374861,27.93899889,Zach Neto,31347,687263
2023,Eugenio Suárez,SEA,,3.491152826,27.92922261,Eugenio Suarez,12552,553993
2021,Jean Segura,PHI,,3.491067422,27.92853938,Jean Segura,5933,516416
2023,Thairo Estrada,SFG,,3.484993244,27.87994595,Thairo Estrada,16426,642731
2019,José Ramírez,CLE,,3.484872477,27.87897982,Jose Ramirez,13510,608070
2022,Starling Marte,NYM,,3.484863028,27.87890422,Starling Marte,9241,516782
2021,Yordan Alvarez,HOU,,3.472660943,27.78128755,Yordan Alvarez,19556,670541
2015,Eric Hosmer,KCR,,3.471719359,27.77375487,Eric Hosmer,3516,543333
2016,Ian Desmond,TEX,,3.459409678,27.67527743,Ian Desmond,6885,435622
2016,Jonathan Schoop,BAL,,3.453840801,27.63072641,Jonathan Schoop,11265,570731
2019,Christian Vázquez,BOS,,3.449497634,27.59598107,Christian Vazquez,9774,543877
2019,Jonathan Villar,BAL,,3.447674207,27.58139365,Jonathan Villar,10071,542340
2016,Asdrúbal Cabrera,NYM,,3.446902804,27.57522243,Asdrubal Cabrera,4962,452678
2016,Jonathan Villar,MIL,,3.444931871,27.55945497,Jonathan Villar,10071,542340
2018,Ender Inciarte,ATL,,3.438774468,27.51019574,Ender Inciarte,4922,542255
2021,Josh Donaldson,MIN,,3.428993604,27.43194883,Josh Donaldson,5038,518626
2022,Elvis Andrus,- - -,,3.422533389,27.38026711,Elvis Andrus,8709,462101
2015,Shin-Soo Choo,TEX,,3.421506345,27.37205076,Shin-Soo Choo,3174,425783
2024,Kyle Schwarber,PHI,,3.420461423,27.36369138,Kyle Schwarber,16478,656941
2015,Justin Upton,SDP,,3.419001696,27.35201357,Justin Upton,5222,457708
2021,Jonathan India,CIN,,3.407676229,27.26140983,Jonathan India,21523,663697
2023,Ian Happ,CHC,,3.406918127,27.25534502,Ian Happ,17919,664023
2019,Tommy Pham,TBR,,3.405398158,27.24318526,Tommy Pham,2967,502054
2015,Martín Prado,MIA,,3.40113877,27.20911016,Martin Prado,3312,445988
2024,Anthony Volpe,NYY,,3.400314125,27.202513,Anthony Volpe,27647,683011
2023,Manny Machado,SDP,,3.400134873,27.20107899,Manny Machado,11493,592518
2017,Justin Smoak,TOR,,3.398132023,27.18505618,Justin Smoak,9054,475253
2019,Nick Ahmed,ARI,,3.395284876,27.162279,Nick Ahmed,12147,605113
2024,Isaac Paredes,- - -,,3.394160317,27.15328253,Isaac Paredes,20036,670623
2019,Gleyber Torres,NYY,,3.393132667,27.14506134,Gleyber Torres,16997,650402
2015,Adam Jones,BAL,,3.389604346,27.11683477,Adam Jones,6368,430945
2023,Rafael Devers,BOS,,3.387457032,27.09965625,Rafael Devers,17350,646240
2017,DJ LeMahieu,COL,,3.38113938,27.04911504,DJ LeMahieu,9874,518934
2019,Paul DeJong,STL,,3.379380121,27.03504097,Paul DeJong,18015,657557
2023,Paul Goldschmidt,STL,,3.378395317,27.02716254,Paul Goldschmidt,9218,502671
2016,Wil Myers,SDP,,3.364703228,26.91762582,Wil Myers,10047,571976
2016,César Hernández,PHI,,3.363573599,26.90858879,Cesar Hernandez,10556,514917
2019,Brett Gardner,NYY,,3.361825011,26.89460008,Brett Gardner,9927,458731
2018,Michael Conforto,NYM,,3.351902075,26.8152166,Michael Conforto,16376,624424
2016,Ryan Braun,MIL,,3.333677251,26.66941801,Ryan Braun,3410,460075
2017,Whit Merrifield,KCR,,3.328000937,26.6240075,Whit Merrifield,11281,593160
2018,Eddie Rosario,MIN,,3.324910702,26.59928562,Eddie Rosario,12155,592696
2023,Luis Arraez,MIA,,3.324720757,26.59776605,Luis Arraez,18568,650333
2016,Anthony Rendon,WSN,,3.321852179,26.57481743,Anthony Rendon,12861,543685
2024,Anthony Santander,BAL,,3.320544996,26.56435997,Anthony Santander,14551,623993
2015,José Abreu,CHW,,3.318087295,26.54469836,Jose Abreu,15676,547989
2023,Willy Adames,MIL,,3.317181604,26.53745283,Willy Adames,15986,642715
2019,Whit Merrifield,KCR,,3.315196299,26.52157039,Whit Merrifield,11281,593160
2016,Yoenis Cespedes,NYM,,3.315195965,26.52156772,Yoenis Cespedes,13110,493316
2016,Carlos Santana,CLE,,3.313993949,26.5119516,Carlos Santana,2396,467793
2019,Jorge Polanco,MIN,,3.309272383,26.47417907,Jorge Polanco,13152,593871
2022,Jeremy Peña,HOU,,3.302826997,26.42261597,Jeremy Pena,21636,665161
2024,Daulton Varsho,TOR,,3.299584265,26.39667412,Daulton Varsho,19918,662139
2022,Vladimir Guerrero Jr.,TOR,,3.299021096,26.39216877,Vladimir Guerrero Jr.,19611,665489
2018,Anthony Rizzo,CHC,,3.296554417,26.37243533,Anthony Rizzo,3473,519203
2019,Willy Adames,TBR,,3.294883887,26.3590711,Willy Adames,15986,642715
2015,Starling Marte,PIT,,3.286919128,26.29535303,Starling Marte,9241,516782
2021,Dansby Swanson,ATL,,3.286286133,26.29028906,Dansby Swanson,18314,621020
2021,Adam Frazier,- - -,,3.26408619,26.11268952,Adam Frazier,15223,624428
2019,Kolten Wong,STL,,3.254071842,26.03257474,Kolten Wong,12532,543939
2017,Xander Bogaerts,BOS,,3.253936768,26.03149414,Xander Bogaerts,12161,593428
2018,Didi Gregorius,NYY,,3.25347388,26.02779104,Didi Gregorius,6012,544369
2024,Brendan Donovan,STL,,3.248295494,25.98636395,Brendan Donovan,24679,680977
2018,Stephen Piscotty,OAK,,3.240698975,25.9255918,Stephen Piscotty,13367,572039
2023,Jeimer Candelario,- - -,,3.23925703,25.91405624,Jeimer Candelario,13621,600869
2023,Steven Kwan,CLE,,3.236811837,25.8944947,Steven Kwan,24610,680757
2017,Domingo Santana,MIL,,3.229271986,25.83417589,Domingo Santana,10348,570267
2021,Ty France,SEA,,3.21953499,25.75627992,Ty France,17982,664034
2015,Kole Calhoun,LAA,,3.209294246,25.67435397,Kole Calhoun,11200,594777
2018,Mallex Smith,TBR,,3.204237556,25.63390045,Mallex Smith,13608,605480
2018,Bryce Harper,WSN,,3.204201419,25.63361136,Bryce Harper,11579,547180
2015,Lucas Duda,NYM,,3.201885457,25.61508366,Lucas Duda,2502,446263
2023,Seiya Suzuki,CHC,,3.195438437,25.5635075,Seiya Suzuki,30116,673548
2016,Martín Prado,MIA,,3.191816139,25.53452911,Martin Prado,3312,445988
2021,Yuli Gurriel,HOU,,3.187227666,25.49782133,Yuli Gurriel,19198,493329
2024,JJ Bleday,OAK,,3.184079956,25.47263965,JJ Bleday,26368,668709
2023,Lane Thomas,WSN,,3.175923839,25.40739071,Lane Thomas,16939,657041
2023,Ke'Bryan Hayes,PIT,,3.1712098,25.3696784,Ke'Bryan Hayes,18577,663647
2018,Johan Camargo,ATL,,3.170650503,25.36520402,Johan Camargo,14950,622666
2018,Asdrúbal Cabrera,- - -,,3.169291495,25.35433196,Asdrubal Cabrera,4962,452678
2019,Hunter Dozier,KCR,,3.156653911,25.25323129,Hunter Dozier,15117,641531
2023,Marcell Ozuna,ATL,,3.156574466,25.25259573,Marcell Ozuna,10324,542303
2015,Ryan Braun,MIL,,3.155378217,25.24302574,Ryan Braun,3410,460075
2022,Adolis García,TEX,,3.148415819,25.18732655,Adolis Garcia,19287,666969
2015,Chris Coghlan,CHC,,3.143294311,25.14635449,Chris Coghlan,6878,458085
2024,Joey Ortiz,MIL,,3.139122347,25.11297878,Joey Ortiz,25493,687401
2024,Nolan Arenado,STL,,3.138642471,25.10913977,Nolan Arenado,9777,571448
2017,Javier Báez,CHC,,3.132077988,25.0566239,Javier Baez,12979,595879
2022,Matt Olson,ATL,,3.129004551,25.03203641,Matt Olson,14344,621566
2022,Brandon Drury,- - -,,3.122926761,24.98341409,Brandon Drury,11615,592273
2015,Joc Pederson,LAD,,3.119450946,24.95560757,Joc Pederson,11899,592626
2024,Salvador Perez,KCR,,3.11553023,24.92424184,Salvador Perez,7304,521692
2015,Didi Gregorius,NYY,,3.104139336,24.83311469,Didi Gregorius,6012,544369
2018,José Peraza,CIN,,3.102600408,24.82080327,Jose Peraza,13593,606299
2022,Ke'Bryan Hayes,PIT,,3.102533869,24.82027095,Ke'Bryan Hayes,18577,663647
2024,Willi Castro,MIN,,3.0997958,24.7983664,Willi Castro,17338,650489
2021,Willy Adames,- - -,,3.09721615,24.7777292,Willy Adames,15986,642715
2018,George Springer,HOU,,3.096729283,24.77383426,George Springer,12856,543807
2021,Kris Bryant,- - -,,3.094952563,24.7596205,Kris Bryant,15429,592178
2015,Andrelton Simmons,ATL,,3.090683805,24.72547044,Andrelton Simmons,10847,592743
2021,Joey Wendle,TBR,,3.07506158,24.60049264,Joey Wendle,13853,621563
2018,Joey Votto,CIN,,3.071673897,24.57339118,Joey Votto,4314,458015
2022,Nathaniel Lowe,TEX,,3.070564938,24.56451951,Nathaniel Lowe,19566,663993
2021,J.P. Crawford,SEA,,3.067645945,24.54116756,J.P. Crawford,15491,641487
2015,Brian Dozier,MIN,,3.067197893,24.53758314,Brian Dozier,9810,572821
2016,Kole Calhoun,LAA,,3.061374202,24.49099362,Kole Calhoun,11200,594777
2022,Ryan McMahon,COL,,3.056038252,24.44830602,Ryan McMahon,15112,641857
2024,Luis García Jr.,WSN,,3.054346529,24.43477223,Luis Garcia Jr.,20391,671277
2022,DJ LeMahieu,NYY,,3.051531474,24.41225179,DJ LeMahieu,9874,518934
2021,Myles Straw,- - -,,3.049202559,24.39362047,Myles Straw,17620,664702
2024,Yainer Diaz,HOU,,3.044250823,24.35400659,Yainer Diaz,23003,673237
2023,Randy Arozarena,TBR,,3.043266092,24.34612874,Randy Arozarena,19290,668227
2017,Todd Frazier,- - -,,3.040283898,24.32227118,Todd Frazier,785,453943
2021,Giancarlo Stanton,NYY,,3.038849545,24.31079636,Giancarlo Stanton,4949,519317
2019,Josh Bell,PIT,,3.0373743,24.2989944,Josh Bell,13145,605137
2023,Lars Nootbaar,STL,,3.036132991,24.28906393,Lars Nootbaar,21454,663457
2022,Amed Rosario,CLE,,3.035495989,24.28396791,Amed Rosario,15518,642708
2024,Carlos Santana,MIN,,3.025865429,24.20692344,Carlos Santana,2396,467793
2018,Jesús Aguilar,MIL,,3.025803367,24.20642693,Jesus Aguilar,11342,542583
2024,Christian Walker,ARI,,3.01493448,24.11947584,Christian Walker,13419,572233
2019,Paul Goldschmidt,STL,,3.014461874,24.11569499,Paul Goldschmidt,9218,502671
2018,Brian Anderson,MIA,,3.014359054,24.11487243,Brian Anderson,18289,605119
2015,Ben Zobrist,- - -,,3.012237111,24.09789688,Ben Zobrist,7435,450314
2019,Christian Walker,ARI,,3.010151499,24.08121199,Christian Walker,13419,572233
2018,Ben Zobrist,CHC,,2.998267778,23.98614223,Ben Zobrist,7435,450314
2023,Matt Chapman,TOR,,2.990198351,23.92158681,Matt Chapman,16505,656305
2018,Ketel Marte,ARI,,2.987234231,23.89787385,Ketel Marte,13613,606466
2017,Khris Davis,OAK,,2.980261762,23.8420941,Khris Davis,9112,501981
2017,Logan Morrison,TBR,,2.975148935,23.80119148,Logan Morrison,9205,489149
2016,Todd Frazier,CHW,,2.973096502,23.78477201,Todd Frazier,785,453943
2024,Tyler Stephenson,CIN,,2.972276863,23.77821491,Tyler Stephenson,17988,663886
2019,David Fletcher,LAA,,2.960836309,23.68669048,David Fletcher,17992,664058
2018,Corey Dickerson,PIT,,2.960321396,23.68257117,Corey Dickerson,10762,572816
2015,Dexter Fowler,CHC,,2.958943017,23.67154414,Dexter Fowler,4062,451594
2015,Adrián González,LAD,,2.958065553,23.66452442,Adrian Gonzalez,1908,408236
2024,Wyatt Langford,TEX,,2.939362902,23.51490321,Wyatt Langford,33333,694671
2017,Carlos Santana,CLE,,2.934143045,23.47314436,Carlos Santana,2396,467793
2017,Robinson Canó,SEA,,2.931255473,23.45004378,Robinson Cano,3269,429664
2018,Khris Davis,OAK,,2.91015345,23.2812276,Khris Davis,9112,501981
2021,Tommy Edman,STL,,2.90924226,23.27393808,Tommy Edman,19470,669242
2021,Mark Canha,OAK,,2.904568271,23.23654617,Mark Canha,11445,592192
2022,Teoscar Hernández,TOR,,2.903831895,23.23065516,Teoscar Hernandez,13066,606192
2018,Marcus Semien,OAK,,2.902484496,23.21987596,Marcus Semien,12533,543760
2018,Gregory Polanco,PIT,,2.896409876,23.17127901,Gregory Polanco,12907,570256
2021,Adolis García,TEX,,2.896311491,23.17049193,Adolis Garcia,19287,666969
2015,David Ortiz,BOS,,2.873441361,22.98753089,David Ortiz,745,120074
2016,Rougned Odor,TEX,,2.871377592,22.97102074,Rougned Odor,12282,596059
2016,Curtis Granderson,NYM,,2.861556677,22.89245342,Curtis Granderson,4747,434158
2022,Randy Arozarena,TBR,,2.851898024,22.81518419,Randy Arozarena,19290,668227
2016,Leonys Martin,SEA,,2.849128654,22.79302923,Leonys Martin,11846,547982
2015,Josh Reddick,OAK,,2.846712596,22.77370077,Josh Reddick,3892,502210
2023,Pete Alonso,NYM,,2.846192017,22.76953614,Pete Alonso,19251,624413
2017,Joe Mauer,MIN,,2.841073237,22.7285859,Joe Mauer,1857,408045
2015,Carlos González,COL,,2.836519504,22.69215604,Carlos Gonzalez,7287,471865
2024,Adley Rutschman,BAL,,2.832587752,22.66070202,Adley Rutschman,26288,668939
2016,Hanley Ramirez,BOS,,2.831367251,22.65093801,Hanley Ramirez,8001,434670
2018,Nelson Cruz,SEA,,2.830827077,22.64661662,Nelson Cruz,2434,443558
2024,Nathaniel Lowe,TEX,,2.826644049,22.61315239,Nathaniel Lowe,19566,663993
2016,Logan Forsythe,TBR,,2.826372256,22.61097805,Logan Forsythe,7185,523253
2015,Brian McCann,NYY,,2.817442951,22.53954361,Brian McCann,4810,435263
2022,Jorge Mateo,BAL,,2.817174326,22.53739461,Jorge Mateo,17273,622761
2024,Josh Smith,TEX,,2.813428723,22.50742978,Josh Smith,26396,669701
2018,Starlin Castro,MIA,,2.803034606,22.42427685,Starlin Castro,4579,516770
2018,Jackie Bradley Jr.,BOS,,2.802097884,22.41678307,Jackie Bradley Jr.,12984,598265
2024,Jeremy Peña,HOU,,2.801632852,22.41306282,Jeremy Pena,21636,665161
2018,Matt Olson,OAK,,2.797997204,22.38397763,Matt Olson,14344,621566
2024,Jonathan India,CIN,,2.7961709,22.3693672,Jonathan India,21523,663697
2021,Amed Rosario,CLE,,2.794535902,22.35628722,Amed Rosario,15518,642708
2016,Stephen Piscotty,STL,,2.79024626,22.32197008,Stephen Piscotty,13367,572039
2018,Justin Upton,LAA,,2.789515561,22.31612449,Justin Upton,5222,457708
2023,Jeremy Peña,HOU,,2.787925495,22.30340396,Jeremy Pena,21636,665161
2022,Bryan Reynolds,PIT,,2.78718292,22.29746336,Bryan Reynolds,19326,668804
2019,Joc Pederson,LAD,,2.786186129,22.28948903,Joc Pederson,11899,592626
2017,César Hernández,PHI,,2.783463396,22.26770717,Cesar Hernandez,10556,514917
2015,Robinson Canó,SEA,,2.772497155,22.17997724,Robinson Cano,3269,429664
2022,Thairo Estrada,SFG,,2.770655216,22.16524173,Thairo Estrada,16426,642731
2024,Andrés Giménez,CLE,,2.765825496,22.12660397,Andres Gimenez,19950,665926
2017,Tim Beckham,- - -,,2.75823101,22.06584808,Tim Beckham,7949,542921
2021,José Abreu,CHW,,2.752355568,22.01884454,Jose Abreu,15676,547989
2017,Jay Bruce,- - -,,2.750354501,22.00283601,Jay Bruce,9892,457803
2018,Yadier Molina,STL,,2.7489779,21.9918232,Yadier Molina,7007,425877
2017,Josh Harrison,PIT,,2.743675014,21.94940011,Josh Harrison,8202,543281
2024,Brandon Nimmo,NYM,,2.736934307,21.89547446,Brandon Nimmo,12927,607043
2019,Mike Moustakas,MIL,,2.736603492,21.89282794,Mike Moustakas,4892,519058
2017,Adam Duvall,CIN,,2.735686512,21.88549209,Adam Duvall,10950,594807
2021,J.D. Martinez,BOS,,2.734848172,21.87878538,J.D. Martinez,6184,502110
2019,Eduardo Escobar,ARI,,2.730868384,21.84694707,Eduardo Escobar,6153,500871
2017,Odúbel Herrera,PHI,,2.724521311,21.79617049,Odubel Herrera,11476,546318
2022,Luis Arraez,MIN,,2.724083661,21.79266929,Luis Arraez,18568,650333
2024,Taylor Ward,LAA,,2.718877501,21.75102001,Taylor Ward,17548,621493
2023,Josh Jung,TEX,,2.713103495,21.70482796,Josh Jung,26299,673962
2023,Nolan Arenado,STL,,2.709209467,21.67367574,Nolan Arenado,9777,571448
2016,Brett Gardner,NYY,,2.708433258,21.66746606,Brett Gardner,9927,458731
2024,Will Smith,LAD,,2.706032287,21.6482583,Will Smith,19197,669257
2021,Salvador Perez,KCR,,2.701358888,21.61087111,Salvador Perez,7304,521692
2023,Brandon Drury,LAA,,2.696942297,21.57553838,Brandon Drury,11615,592273
2017,Matt Carpenter,STL,,2.696906762,21.5752541,Matt Carpenter,8090,572761
2015,Alex Rodriguez,NYY,,2.689984474,21.51987579,Alex Rodriguez,1274,121347
2017,Jake Lamb,ARI,,2.680910094,21.44728076,Jake Lamb,13329,571875
2016,Marcus Semien,OAK,,2.66695097,21.33560776,Marcus Semien,12533,543760
2019,Brian Anderson,MIA,,2.66251549,21.30012392,Brian Anderson,18289,605119
2021,Chris Taylor,LAD,,2.654799061,21.23839249,Chris Taylor,13757,621035
2022,Gleyber Torres,NYY,,2.642206364,21.13765091,Gleyber Torres,16997,650402
2015,Trevor Plouffe,MIN,,2.640917971,21.12734377,Trevor Plouffe,7462,461858
2023,Max Muncy,LAD,,2.636275775,21.0902062,Max Muncy,13301,571970
2023,Anthony Santander,BAL,,2.636253768,21.09003015,Anthony Santander,14551,623993
2022,Ty France,SEA,,2.62625595,21.0100476,Ty France,17982,664034
2023,Jack Suwinski,PIT,,2.624797518,20.99838014,Jack Suwinski,22244,669261
2021,Whit Merrifield,KCR,,2.617773696,20.94218957,Whit Merrifield,11281,593160
2015,Asdrúbal Cabrera,TBR,,2.616879698,20.93503758,Asdrubal Cabrera,4962,452678
2018,Brandon Crawford,SFG,,2.60753006,20.86024048,Brandon Crawford,5343,543063
2017,Edwin Encarnación,CLE,,2.605844344,20.84675475,Edwin Encarnacion,2151,429665
2024,Jacob Young,WSN,,2.605788632,20.84630906,Jacob Young,29931,696285
2023,Nathaniel Lowe,TEX,,2.603122038,20.8249763,Nathaniel Lowe,19566,663993
2024,Matt Olson,ATL,,2.601715245,20.81372196,Matt Olson,14344,621566
2016,Jordy Mercer,PIT,,2.599912881,20.79930305,Jordy Mercer,6547,474568
2017,Yasiel Puig,LAD,,2.597694023,20.78155218,Yasiel Puig,14225,624577
2022,Mark Canha,NYM,,2.593700823,20.74960658,Mark Canha,11445,592192
2016,Khris Davis,OAK,,2.593479494,20.74783595,Khris Davis,9112,501981
2019,Adam Frazier,PIT,,2.591815322,20.73452258,Adam Frazier,15223,624428
2018,Nick Markakis,ATL,,2.583423237,20.6673859,Nick Markakis,5930,455976
2017,Mike Moustakas,KCR,,2.580906001,20.647248,Mike Moustakas,4892,519058
2022,Gio Urshela,MIN,,2.57213423,20.57707384,Gio Urshela,10681,570482
2021,Hunter Renfroe,BOS,,2.571207193,20.56965755,Hunter Renfroe,15464,592669
2015,Neil Walker,PIT,,2.567554287,20.5404343,Neil Walker,7539,435522
2024,Matt Vierling,DET,,2.562069138,20.4965531,Matt Vierling,21558,663837
2015,Addison Russell,CHC,,2.560947891,20.48758313,Addison Russell,14106,608365
2017,Didi Gregorius,NYY,,2.5593574,20.4748592,Didi Gregorius,6012,544369
2021,Robbie Grossman,DET,,2.548873947,20.39099157,Robbie Grossman,5254,543257
2016,Adam Jones,BAL,,2.548066046,20.38452837,Adam Jones,6368,430945
2016,Starlin Castro,NYY,,2.536814241,20.29451393,Starlin Castro,4579,516770
2021,Trent Grisham,SDP,,2.533247313,20.2659785,Trent Grisham,18564,663757
2022,Josh Rojas,ARI,,2.527935194,20.22348156,Josh Rojas,19734,668942
2023,Austin Hays,BAL,,2.527760886,20.22208709,Austin Hays,19363,669720
2017,Dee Strange-Gordon,MIA,,2.527501549,20.22001239,Dee Strange-Gordon,8203,543829
2017,Yadier Molina,STL,,2.519232366,20.15385893,Yadier Molina,7007,425877
2019,Manny Machado,SDP,,2.518241249,20.14592999,Manny Machado,11493,592518
2015,Kolten Wong,STL,,2.512135358,20.09708286,Kolten Wong,12532,543939
2015,Brandon Phillips,CIN,,2.507742097,20.06193677,Brandon Phillips,791,408252
2019,Danny Santana,TEX,,2.502914301,20.0233144,Danny Santana,10322,542454
2017,Eddie Rosario,MIN,,2.500680445,20.00544356,Eddie Rosario,12155,592696
2017,Ian Kinsler,DET,,2.500176055,20.00140844,Ian Kinsler,6195,435079
2016,J.D. Martinez,DET,,2.494058564,19.95246851,J.D. Martinez,6184,502110
2021,Eduardo Escobar,- - -,,2.47990079,19.83920632,Eduardo Escobar,6153,500871
2024,Brice Turang,MIL,,2.478453141,19.82762513,Brice Turang,22186,668930
2015,Brett Gardner,NYY,,2.47259439,19.78075512,Brett Gardner,9927,458731
2022,Anthony Rizzo,NYY,,2.472271411,19.77817129,Anthony Rizzo,3473,519203
2018,Charlie Blackmon,COL,,2.470368302,19.76294642,Charlie Blackmon,7859,453568
2015,Charlie Blackmon,COL,,2.467964204,19.74371363,Charlie Blackmon,7859,453568
2016,Didi Gregorius,NYY,,2.467385525,19.7390842,Didi Gregorius,6012,544369
2021,Ryan McMahon,COL,,2.455431712,19.64345369,Ryan McMahon,15112,641857
2019,Starlin Castro,MIA,,2.450228008,19.60182406,Starlin Castro,4579,516770
2017,Eric Thames,MIL,,2.445139022,19.56111218,Eric Thames,3711,519346
2017,Joey Gallo,TEX,,2.444197102,19.55357682,Joey Gallo,14128,608336
2015,Troy Tulowitzki,- - -,,2.430835911,19.44668729,Troy Tulowitzki,3531,453064
2015,Ender Inciarte,ARI,,2.42940349,19.43522792,Ender Inciarte,4922,542255
2023,Jeff McNeil,NYM,,2.426701756,19.41361405,Jeff McNeil,15362,643446
2018,Matt Duffy,TBR,,2.424649974,19.39719979,Matt Duffy,13836,622110
2022,Jurickson Profar,SDP,,2.424380825,19.3950466,Jurickson Profar,10815,595777
2022,Hunter Renfroe,MIL,,2.411994607,19.29595686,Hunter Renfroe,15464,592669
2022,Ronald Acuña Jr.,ATL,,2.408354527,19.26683622,Ronald Acuna Jr.,18401,660670
2018,Justin Smoak,TOR,,2.405586573,19.24469259,Justin Smoak,9054,475253
2023,Leody Taveras,TEX,,2.397132363,19.1770589,Leody Taveras,18900,665750
2018,Tim Anderson,CHW,,2.396747935,19.17398348,Tim Anderson,15172,641313
2021,Dylan Carlson,STL,,2.39459102,19.15672816,Dylan Carlson,20126,666185
2022,Rhys Hoskins,PHI,,2.388861113,19.1108889,Rhys Hoskins,16472,656555
2023,Orlando Arcia,ATL,,2.386504881,19.09203905,Orlando Arcia,13185,606115
2018,Max Kepler,MIN,,2.386461847,19.09169477,Max Kepler,12144,596146
2018,Rougned Odor,TEX,,2.380231708,19.04185367,Rougned Odor,12282,596059
2023,Tommy Edman,STL,,2.378334371,19.02667497,Tommy Edman,19470,669242
2017,Manuel Margot,SDP,,2.373237594,18.98590075,Manuel Margot,14712,622534
2017,Evan Longoria,TBR,,2.370673597,18.96538878,Evan Longoria,9368,446334
2015,Yadier Molina,STL,,2.367823409,18.94258727,Yadier Molina,7007,425877
2017,Jackie Bradley Jr.,BOS,,2.36633442,18.93067536,Jackie Bradley Jr.,12984,598265
2021,Jared Walsh,LAA,,2.366269008,18.93015206,Jared Walsh,18607,665120
2015,Christian Yelich,MIA,,2.351616185,18.81292948,Christian Yelich,11477,592885
2016,Michael Saunders,TOR,,2.348185579,18.78548463,Michael Saunders,9981,459431
2018,Carlos Santana,PHI,,2.341917697,18.73534158,Carlos Santana,2396,467793
2022,Anthony Santander,BAL,,2.340831965,18.72665572,Anthony Santander,14551,623993
2016,Troy Tulowitzki,TOR,,2.333936151,18.67148921,Troy Tulowitzki,3531,453064
2021,C.J. Cron,COL,,2.331717008,18.65373607,C.J. Cron,12546,543068
2018,Yolmer Sánchez,CHW,,2.330729857,18.64583885,Yolmer Sanchez,11602,570560
2015,Ben Revere,- - -,,2.329346783,18.63477427,Ben Revere,4712,519184
2016,Eduardo Núñez,- - -,,2.328651032,18.62920826,Eduardo Nunez,6848,456488
2022,Bobby Witt Jr.,KCR,,2.328416117,18.62732894,Bobby Witt Jr.,25764,677951
2021,Josh Harrison,- - -,,2.326936003,18.61548802,Josh Harrison,8202,543281
2018,C.J. Cron,TBR,,2.326288928,18.61031142,C.J. Cron,12546,543068
2016,J.T. Realmuto,MIA,,2.323478114,18.58782491,J.T. Realmuto,11739,592663
2021,Luis Urías,MIL,,2.322056004,18.57644803,Luis Urias,16622,649966
2016,Marcell Ozuna,MIA,,2.321080375,18.568643,Marcell Ozuna,10324,542303
2019,Yasiel Puig,- - -,,2.320646248,18.56516998,Yasiel Puig,14225,624577
2015,Yunel Escobar,WSN,,2.320436815,18.56349452,Yunel Escobar,4191,488862
2019,Nick Castellanos,- - -,,2.32027833,18.56222664,Nick Castellanos,11737,592206
2017,Corey Dickerson,TBR,,2.316163209,18.52930567,Corey Dickerson,10762,572816
2019,Jason Heyward,CHC,,2.307829621,18.46263697,Jason Heyward,4940,518792
2023,CJ Abrams,WSN,,2.298638501,18.38910801,CJ Abrams,25768,682928
2022,Justin Turner,LAD,,2.293071254,18.34457003,Justin Turner,5235,457759
2021,Avisaíl García,MIL,,2.288596175,18.3087694,Avisail Garcia,5760,541645
2021,Adam Duvall,- - -,,2.28840776,18.30726208,Adam Duvall,10950,594807
2021,Wil Myers,SDP,,2.282181494,18.25745195,Wil Myers,10047,571976
2024,Michael Busch,CHC,,2.273371963,18.18697571,Michael Busch,26319,683737
2024,Heliot Ramos,SFG,,2.271187141,18.16949713,Heliot Ramos,22515,671218
2024,Josh Naylor,CLE,,2.267423644,18.13938915,Josh Naylor,18839,647304
2021,Mike Yastrzemski,SFG,,2.261364907,18.09091926,Mike Yastrzemski,14854,573262
2016,Adam Duvall,CIN,,2.255880762,18.0470461,Adam Duvall,10950,594807
2021,Kyle Seager,SEA,,2.253310754,18.02648603,Kyle Seager,9785,572122
2015,Gregory Polanco,PIT,,2.240864193,17.92691354,Gregory Polanco,12907,570256
2019,Rhys Hoskins,PHI,,2.235257323,17.88205859,Rhys Hoskins,16472,656555
2023,Jake Burger,- - -,,2.230770053,17.84616043,Jake Burger,22275,669394
2019,Freddy Galvis,- - -,,2.216988351,17.73590681,Freddy Galvis,6609,520471
2024,Cody Bellinger,CHC,,2.209624372,17.67699497,Cody Bellinger,15998,641355
2022,J.P. Crawford,SEA,,2.207088241,17.65670593,J.P. Crawford,15491,641487
2015,Mitch Moreland,TEX,,2.202392636,17.61914109,Mitch Moreland,3086,519048
2016,Chris Carter,MIL,,2.199336039,17.59468831,Chris Carter,9911,474892
2017,Matt Joyce,OAK,,2.191457149,17.5316572,Matt Joyce,3353,459964
2021,Josh Bell,WSN,,2.188161975,17.5052958,Josh Bell,13145,605137
2018,Jurickson Profar,TEX,,2.187986506,17.50389204,Jurickson Profar,10815,595777
2021,Mitch Haniger,SEA,,2.186587061,17.49269649,Mitch Haniger,14274,571745
2017,Yonder Alonso,- - -,,2.18500224,17.48001792,Yonder Alonso,2530,475174
2016,José Abreu,CHW,,2.184221033,17.47376827,Jose Abreu,15676,547989
2021,Anthony Rizzo,- - -,,2.179985137,17.4398811,Anthony Rizzo,3473,519203
2021,Trevor Story,COL,,2.174538568,17.39630855,Trevor Story,12564,596115
2019,Kevin Newman,PIT,,2.172602881,17.38082305,Kevin Newman,17696,621028
2015,Daniel Murphy,NYM,,2.172311762,17.37849409,Daniel Murphy,4316,502517
2021,Jonathan Schoop,DET,,2.168679009,17.34943207,Jonathan Schoop,11265,570731
2018,César Hernández,PHI,,2.165699463,17.3255957,Cesar Hernandez,10556,514917
2018,Kyle Schwarber,CHC,,2.161401163,17.2912093,Kyle Schwarber,16478,656941
2018,Freddy Galvis,SDP,,2.157811291,17.26249033,Freddy Galvis,6609,520471
2018,Joey Gallo,TEX,,2.157122841,17.25698273,Joey Gallo,14128,608336
2021,Michael A. Taylor,KCR,,2.156005699,17.24804559,Michael A. Taylor,11489,572191
2022,Christian Yelich,MIL,,2.152081651,17.21665321,Christian Yelich,11477,592885
2024,Lourdes Gurriel Jr.,ARI,,2.149399241,17.19519393,Lourdes Gurriel Jr.,19238,666971
2023,J.D. Davis,SFG,,2.143879152,17.15103322,J.D. Davis,16219,605204
2016,Carlos González,COL,,2.142192538,17.1375403,Carlos Gonzalez,7287,471865
2024,Bryan Reynolds,PIT,,2.138692877,17.10954302,Bryan Reynolds,19326,668804
2017,Yolmer Sánchez,CHW,,2.13490034,17.07920272,Yolmer Sanchez,11602,570560
2021,Michael Brantley,HOU,,2.130352018,17.04281614,Michael Brantley,4106,488726
2022,Kyle Schwarber,PHI,,2.130133002,17.04106401,Kyle Schwarber,16478,656941
2019,Marcell Ozuna,STL,,2.123616772,16.98893418,Marcell Ozuna,10324,542303
2021,Kyle Farmer,CIN,,2.118903612,16.95122889,Kyle Farmer,14813,571657
2024,Logan O'Hoppe,LAA,,2.118673839,16.94939071,Logan O'Hoppe,24729,681351
2022,Andrew Benintendi,- - -,,2.117946418,16.94357134,Andrew Benintendi,17901,643217
2023,J.T. Realmuto,PHI,,2.115696687,16.9255735,J.T. Realmuto,11739,592663
2019,Kole Calhoun,LAA,,2.1139565,16.911652,Kole Calhoun,11200,594777
2022,Josh Bell,- - -,,2.112832859,16.90266287,Josh Bell,13145,605137
2023,Brent Rooker,OAK,,2.111059827,16.88847862,Brent Rooker,19627,667670
2019,Scott Kingery,PHI,,2.103033439,16.82426751,Scott Kingery,17975,664068
2015,Carlos Santana,CLE,,2.10194727,16.81557816,Carlos Santana,2396,467793
2015,Kendrys Morales,KCR,,2.098611498,16.78889199,Kendrys Morales,8610,434778
2024,Pete Alonso,NYM,,2.097432922,16.77946338,Pete Alonso,19251,624413
2017,Orlando Arcia,MIL,,2.088126959,16.70501567,Orlando Arcia,13185,606115
2021,DJ LeMahieu,NYY,,2.086191891,16.68953512,DJ LeMahieu,9874,518934
2024,Jake Cronenworth,SDP,,2.08225638,16.65805104,Jake Cronenworth,18036,630105
2019,Hanser Alberto,BAL,,2.082191631,16.65753305,Hanser Alberto,11902,593643
2019,Kyle Schwarber,CHC,,2.081966642,16.65573313,Kyle Schwarber,16478,656941
2016,Eugenio Suárez,CIN,,2.078066731,16.62453385,Eugenio Suarez,12552,553993
2023,Daulton Varsho,TOR,,2.073940113,16.5915209,Daulton Varsho,19918,662139
2023,Bryan Reynolds,PIT,,2.069797348,16.55837878,Bryan Reynolds,19326,668804
2019,Ryan Braun,MIL,,2.0687103,16.5496824,Ryan Braun,3410,460075
2018,Andrew McCutchen,- - -,,2.067512616,16.54010093,Andrew McCutchen,9847,457705
2023,Maikel Garcia,KCR,,2.06141195,16.4912956,Maikel Garcia,22715,672580
2015,Jhonny Peralta,STL,,2.054796625,16.438373,Jhonny Peralta,1738,425509
2017,Nick Castellanos,DET,,2.053885357,16.43108286,Nick Castellanos,11737,592206
2018,Jeimer Candelario,DET,,2.043063771,16.34451017,Jeimer Candelario,13621,600869
2016,Gregory Polanco,PIT,,2.040464629,16.32371704,Gregory Polanco,12907,570256
2019,Charlie Blackmon,COL,,2.040023952,16.32019161,Charlie Blackmon,7859,453568
2022,Max Muncy,LAD,,2.035271617,16.28217294,Max Muncy,13301,571970
2024,Jake Meyers,HOU,,2.030602325,16.2448186,Jake Meyers,20308,676694
2015,Brock Holt,BOS,,2.028591408,16.22873127,Brock Holt,9345,571788
2021,Nathaniel Lowe,TEX,,2.027932935,16.22346348,Nathaniel Lowe,19566,663993
2019,Evan Longoria,SFG,,2.025214128,16.20171302,Evan Longoria,9368,446334
2019,Adam Eaton,WSN,,2.019023556,16.15218845,Adam Eaton,11205,594809
2015,Prince Fielder,TEX,,2.005128658,16.04102927,Prince Fielder,4613,425902
2024,Shea Langeliers,OAK,,1.979004044,15.83203235,Shea Langeliers,25816,669127
2016,Carlos Beltrán,- - -,,1.978437937,15.8275035,Carlos Beltran,589,136860
2016,Bryce Harper,WSN,,1.976243027,15.80994422,Bryce Harper,11579,547180
2018,Nick Castellanos,DET,,1.974536308,15.79629047,Nick Castellanos,11737,592206
2019,Elvis Andrus,TEX,,1.972348055,15.77878444,Elvis Andrus,8709,462101
2017,Yuli Gurriel,HOU,,1.971302691,15.77042153,Yuli Gurriel,19198,493329
2016,Chase Headley,NYY,,1.969873701,15.75898961,Chase Headley,4720,452104
2015,Adam Lind,MIL,,1.962945799,15.70356639,Adam Lind,8027,452252
2015,Gerardo Parra,- - -,,1.960639351,15.68511481,Gerardo Parra,8553,467827
2022,Javier Báez,DET,,1.958623412,15.6689873,Javier Baez,12979,595879
2021,Jonathan Villar,NYM,,1.95777603,15.66220824,Jonathan Villar,10071,542340
2016,Mark Trumbo,BAL,,1.950487037,15.6038963,Mark Trumbo,6876,444432
2024,Yandy Díaz,TBR,,1.946195517,15.56956413,Yandy Diaz,16578,650490
2017,Joe Panik,SFG,,1.944203167,15.55362533,Joe Panik,11936,605412
2023,Teoscar Hernández,SEA,,1.943872749,15.55098199,Teoscar Hernandez,13066,606192
2023,Lourdes Gurriel Jr.,ARI,,1.941433902,15.53147122,Lourdes Gurriel Jr.,19238,666971
2018,Mike Moustakas,- - -,,1.937718964,15.50175171,Mike Moustakas,4892,519058
2019,Avisaíl García,TBR,,1.936500364,15.49200291,Avisail Garcia,5760,541645
2017,Jordy Mercer,PIT,,1.93330636,15.46645088,Jordy Mercer,6547,474568
2024,Randy Arozarena,- - -,,1.932749565,15.46199652,Randy Arozarena,19290,668227
2024,Ryan McMahon,COL,,1.927351305,15.41881044,Ryan McMahon,15112,641857
2018,Matt Kemp,LAD,,1.9272124,15.4176992,Matt Kemp,5631,461314
2021,Miguel Rojas,MIA,,1.92708406,15.41667248,Miguel Rojas,7802,500743
2018,Marcell Ozuna,STL,,1.923837674,15.39070139,Marcell Ozuna,10324,542303
2019,Dansby Swanson,ATL,,1.922037065,15.37629652,Dansby Swanson,18314,621020
2016,Josh Harrison,PIT,,1.914594576,15.31675661,Josh Harrison,8202,543281
2015,DJ LeMahieu,COL,,1.912479802,15.29983842,DJ LeMahieu,9874,518934
2019,Amed Rosario,NYM,,1.910090872,15.28072698,Amed Rosario,15518,642708
2018,Rhys Hoskins,PHI,,1.903175469,15.22540376,Rhys Hoskins,16472,656555
2017,Trevor Story,COL,,1.902882368,15.22305895,Trevor Story,12564,596115
2015,Billy Burns,OAK,,1.90229702,15.21837616,Billy Burns,12701,542993
2019,Jackie Bradley Jr.,BOS,,1.901304785,15.21043828,Jackie Bradley Jr.,12984,598265
2017,Trey Mancini,BAL,,1.898078598,15.18462878,Trey Mancini,15149,641820
2019,Asdrúbal Cabrera,- - -,,1.895060466,15.16048373,Asdrubal Cabrera,4962,452678
2024,CJ Abrams,WSN,,1.893956001,15.151648,CJ Abrams,25768,682928
2016,José Bautista,TOR,,1.892222591,15.13778072,Jose Bautista,1887,430832
2018,Jonathan Villar,- - -,,1.891382711,15.13106169,Jonathan Villar,10071,542340
2017,Chase Headley,NYY,,1.880157636,15.04126109,Chase Headley,4720,452104
2022,Eduardo Escobar,NYM,,1.879627079,15.03701663,Eduardo Escobar,6153,500871
2021,Nelson Cruz,- - -,,1.879532946,15.03626357,Nelson Cruz,2434,443558
2018,Denard Span,- - -,,1.875988324,15.00790659,Denard Span,8347,452655
2017,Jorge Polanco,MIN,,1.875352694,15.00282155,Jorge Polanco,13152,593871
2023,Spencer Steer,CIN,,1.872093145,14.97674516,Spencer Steer,26323,668715
2019,José Abreu,CHW,,1.86651328,14.93210624,Jose Abreu,15676,547989
2018,Yuli Gurriel,HOU,,1.864103118,14.91282494,Yuli Gurriel,19198,493329
2021,Alex Verdugo,BOS,,1.859040233,14.87232186,Alex Verdugo,17027,657077
2024,Bryson Stott,PHI,,1.853135861,14.82508689,Bryson Stott,26294,681082
2018,Shin-Soo Choo,TEX,,1.848855434,14.79084347,Shin-Soo Choo,3174,425783
2021,Austin Hays,BAL,,1.848290326,14.78632261,Austin Hays,19363,669720
2018,Marwin Gonzalez,HOU,,1.845020848,14.76016678,Marwin Gonzalez,5497,503556
2018,Brett Gardner,NYY,,1.843597879,14.74878303,Brett Gardner,9927,458731
2023,Anthony Volpe,NYY,,1.841921169,14.73536935,Anthony Volpe,27647,683011
2022,Brendan Rodgers,COL,,1.838138031,14.70510425,Brendan Rodgers,17907,663898
2017,Billy Hamilton,CIN,,1.834780061,14.67824049,Billy Hamilton,10199,571740
2015,Elvis Andrus,TEX,,1.833898534,14.67118827,Elvis Andrus,8709,462101
2019,Jose Iglesias,CIN,,1.828268682,14.62614946,Jose Iglesias,10231,578428
2021,Jazz Chisholm Jr.,MIA,,1.820167916,14.56134333,Jazz Chisholm Jr.,20454,665862
2018,DJ LeMahieu,COL,,1.820155938,14.5612475,DJ LeMahieu,9874,518934
2023,LaMonte Wade Jr.,SFG,,1.817391267,14.53913014,LaMonte Wade Jr.,18126,664774
2017,David Freese,PIT,,1.815954369,14.52763495,David Freese,9549,501896
2023,Carlos Correa,MIN,,1.815170311,14.52136249,Carlos Correa,14162,621043
2023,Ryan McMahon,COL,,1.809742838,14.4779427,Ryan McMahon,15112,641857
2016,Kevin Pillar,TOR,,1.809408736,14.47526988,Kevin Pillar,12434,607680
2024,Colt Keith,DET,,1.808530037,14.46824029,Colt Keith,27899,690993
2021,Lourdes Gurriel Jr.,TOR,,1.807179068,14.45743255,Lourdes Gurriel Jr.,19238,666971
2023,George Springer,TOR,,1.806179588,14.4494367,George Springer,12856,543807
2022,Ketel Marte,ARI,,1.801533268,14.41226614,Ketel Marte,13613,606466
2016,Joe Panik,SFG,,1.797660478,14.38128383,Joe Panik,11936,605412
2015,Austin Jackson,- - -,,1.79505999,14.36047992,Austin Jackson,9848,457706
2015,Stephen Vogt,OAK,,1.794357457,14.35485966,Stephen Vogt,5000,519390
2021,Josh Rojas,ARI,,1.794327934,14.35462347,Josh Rojas,19734,668942
2017,Andrew Benintendi,BOS,,1.794077472,14.35261978,Andrew Benintendi,17901,643217
2023,Jorge Soler,MIA,,1.794024691,14.35219753,Jorge Soler,14221,624585
2017,Brandon Crawford,SFG,,1.793259502,14.34607602,Brandon Crawford,5343,543063
2017,Max Kepler,MIN,,1.79082242,14.32657936,Max Kepler,12144,596146
2018,José A. Martínez,STL,,1.785782853,14.28626282,Jose A. Martinez,7996,500874
2021,Jose Iglesias,- - -,,1.782990633,14.26392506,Jose Iglesias,10231,578428
2015,Yangervis Solarte,SDP,,1.780108814,14.24087051,Yangervis Solarte,5352,500208
2022,Trent Grisham,SDP,,1.769435232,14.15548186,Trent Grisham,18564,663757
2023,Matt Vierling,DET,,1.767486403,14.13989122,Matt Vierling,21558,663837
2022,Ryan Mountcastle,BAL,,1.756239057,14.04991246,Ryan Mountcastle,18373,663624
2016,Jacoby Ellsbury,NYY,,1.754109512,14.03287609,Jacoby Ellsbury,4727,453056
2015,Carlos Beltrán,NYY,,1.751140587,14.0091247,Carlos Beltran,589,136860
2017,Manny Machado,BAL,,1.742895296,13.94316237,Manny Machado,11493,592518
2022,Austin Hays,BAL,,1.739946099,13.91956879,Austin Hays,19363,669720
2024,Gleyber Torres,NYY,,1.735361095,13.88288876,Gleyber Torres,16997,650402
2015,Wilmer Flores,NYM,,1.724590771,13.79672617,Wilmer Flores,5827,527038
2021,Yandy Díaz,TBR,,1.716320863,13.7305669,Yandy Diaz,16578,650490
2017,Freddy Galvis,PHI,,1.715281623,13.72225299,Freddy Galvis,6609,520471
2018,Billy Hamilton,CIN,,1.707788065,13.66230452,Billy Hamilton,10199,571740
2023,Ezequiel Tovar,COL,,1.704944324,13.63955459,Ezequiel Tovar,24064,678662
2016,Jose Iglesias,DET,,1.702851512,13.62281209,Jose Iglesias,10231,578428
2018,José Abreu,CHW,,1.700599509,13.60479607,Jose Abreu,15676,547989
2019,César Hernández,PHI,,1.699035278,13.59228223,Cesar Hernandez,10556,514917
2022,Luis Rengifo,LAA,,1.677620774,13.42096619,Luis Rengifo,19858,650859
2023,Triston Casas,BOS,,1.677568756,13.42055004,Triston Casas,22514,671213
2016,Justin Upton,DET,,1.670623578,13.36498863,Justin Upton,5222,457708
2023,Mark Canha,- - -,,1.668990926,13.35192741,Mark Canha,11445,592192
2018,Dansby Swanson,ATL,,1.657761473,13.26209179,Dansby Swanson,18314,621020
2023,Trent Grisham,SDP,,1.654107568,13.23286055,Trent Grisham,18564,663757
2016,Danny Valencia,OAK,,1.653115573,13.22492459,Danny Valencia,6364,502143
2017,David Peralta,ARI,,1.645894173,13.16715338,David Peralta,2136,444482
2021,Elvis Andrus,OAK,,1.639548943,13.11639154,Elvis Andrus,8709,462101
2017,Scott Schebler,CIN,,1.639298404,13.11438723,Scott Schebler,12225,594988
2018,Ian Kinsler,- - -,,1.632810772,13.06248618,Ian Kinsler,6195,435079
2015,Albert Pujols,LAA,,1.626293849,13.01035079,Albert Pujols,1177,405395
2021,Isiah Kiner-Falefa,TEX,,1.622211671,12.97769336,Isiah Kiner-Falefa,16512,643396
2022,Josh Donaldson,NYY,,1.616870726,12.93496581,Josh Donaldson,5038,518626
2016,Melky Cabrera,CHW,,1.616285666,12.93028533,Melky Cabrera,4022,466320
2022,Seth Brown,OAK,,1.61137853,12.89102824,Seth Brown,18171,664913
2019,Jean Segura,PHI,,1.606583357,12.85266686,Jean Segura,5933,516416
2016,Joe Mauer,MIN,,1.602225351,12.81780281,Joe Mauer,1857,408045
2016,Chris Davis,BAL,,1.599925087,12.79940069,Chris Davis,9272,448801
2021,David Peralta,ARI,,1.586650261,12.69320209,David Peralta,2136,444482
2015,Chase Headley,NYY,,1.579043146,12.63234517,Chase Headley,4720,452104
2016,Freddy Galvis,PHI,,1.567445622,12.53956498,Freddy Galvis,6609,520471
2015,Freddy Galvis,PHI,,1.563432172,12.50745737,Freddy Galvis,6609,520471
2018,Kevin Pillar,TOR,,1.550489388,12.4039151,Kevin Pillar,12434,607680
2024,Sal Frelick,MIL,,1.549580765,12.39664612,Sal Frelick,29622,686217
2017,Wil Myers,SDP,,1.538970205,12.31176164,Wil Myers,10047,571976
2022,Kyle Farmer,CIN,,1.532882764,12.26306211,Kyle Farmer,14813,571657
2016,Yunel Escobar,LAA,,1.5307778,12.2462224,Yunel Escobar,4191,488862
2018,Josh Bell,PIT,,1.525803864,12.20643091,Josh Bell,13145,605137
2017,Curtis Granderson,- - -,,1.524105367,12.19284294,Curtis Granderson,4747,434158
2015,Alcides Escobar,KCR,,1.512081207,12.09664966,Alcides Escobar,6310,444876
2018,Carlos González,COL,,1.50977499,12.07819992,Carlos Gonzalez,7287,471865
2022,Mike Yastrzemski,SFG,,1.503992437,12.03193949,Mike Yastrzemski,14854,573262
2015,Marlon Byrd,- - -,,1.503482546,12.02786036,Marlon Byrd,950,407781
2017,Adam Jones,BAL,,1.501038738,12.0083099,Adam Jones,6368,430945
2024,Ryan Mountcastle,BAL,,1.494602157,11.95681725,Ryan Mountcastle,18373,663624
2017,Yangervis Solarte,SDP,,1.493433899,11.94747119,Yangervis Solarte,5352,500208
2021,Austin Meadows,TBR,,1.491882138,11.9350571,Austin Meadows,15672,640457
2022,Isiah Kiner-Falefa,NYY,,1.489298139,11.91438512,Isiah Kiner-Falefa,16512,643396
2024,Vinnie Pasquantino,KCR,,1.48435071,11.87480568,Vinnie Pasquantino,27676,686469
2024,Jesús Sánchez,MIA,,1.483518835,11.86815068,Jesus Sanchez,19913,660821
2022,Cody Bellinger,LAD,,1.480636159,11.84508927,Cody Bellinger,15998,641355
2021,César Hernández,- - -,,1.469708615,11.75766892,Cesar Hernandez,10556,514917
2021,Ian Happ,CHC,,1.466128706,11.72902965,Ian Happ,17919,664023
2023,Carlos Santana,- - -,,1.465822278,11.72657823,Carlos Santana,2396,467793
2017,José Reyes,NYM,,1.464000146,11.71200117,Jose Reyes,1736,408314
2015,Johnny Giavotella,LAA,,1.461809499,11.69447599,Johnny Giavotella,6740,543213
2023,Alec Bohm,PHI,,1.455326625,11.642613,Alec Bohm,21618,664761
2023,Spencer Torkelson,DET,,1.451104645,11.60883716,Spencer Torkelson,27465,679529
2015,Marcus Semien,OAK,,1.448412524,11.58730019,Marcus Semien,12533,543760
2017,Asdrúbal Cabrera,NYM,,1.445786291,11.56629033,Asdrubal Cabrera,4962,452678
2022,J.D. Martinez,BOS,,1.439097351,11.51277881,J.D. Martinez,6184,502110
2016,Ángel Pagán,SFG,,1.435014685,11.48011748,Angel Pagan,2918,434636
2023,Alex Verdugo,BOS,,1.434995268,11.47996215,Alex Verdugo,17027,657077
2024,Zack Gelof,OAK,,1.433732819,11.46986255,Zack Gelof,29766,680869
2023,Jonathan India,CIN,,1.429910509,11.43928408,Jonathan India,21523,663697
2021,Andrew Benintendi,KCR,,1.429420867,11.43536694,Andrew Benintendi,17901,643217
2021,Andrew McCutchen,PHI,,1.426700267,11.41360214,Andrew McCutchen,9847,457705
2018,Miguel Rojas,MIA,,1.423908738,11.39126991,Miguel Rojas,7802,500743
2019,Shin-Soo Choo,TEX,,1.414507519,11.31606016,Shin-Soo Choo,3174,425783
2022,Tony Kemp,OAK,,1.413977502,11.31182001,Tony Kemp,14894,643393
2024,Spencer Steer,CIN,,1.41366874,11.30934992,Spencer Steer,26323,668715
2019,Lorenzo Cain,MIL,,1.413024688,11.30419751,Lorenzo Cain,9077,456715
2015,Ian Desmond,WSN,,1.411674044,11.29339235,Ian Desmond,6885,435622
2018,Odúbel Herrera,PHI,,1.406983237,11.25586589,Odubel Herrera,11476,546318
2022,Alec Bohm,PHI,,1.40050464,11.20403712,Alec Bohm,21618,664761
2015,Nick Markakis,ATL,,1.392389292,11.13911434,Nick Markakis,5930,455976
2018,Alex Gordon,KCR,,1.392111981,11.13689585,Alex Gordon,5209,460086
2019,Mallex Smith,SEA,,1.381488587,11.0519087,Mallex Smith,13608,605480
2019,Luke Voit,NYY,,1.380300171,11.04240137,Luke Voit,14811,572228
2021,Gleyber Torres,NYY,,1.37702576,11.01620608,Gleyber Torres,16997,650402
2016,Alex Gordon,KCR,,1.370770883,10.96616707,Alex Gordon,5209,460086
2022,Myles Straw,CLE,,1.365285802,10.92228642,Myles Straw,17620,664702
2024,Jake Burger,MIA,,1.362608874,10.90087099,Jake Burger,22275,669394
2016,Brad Miller,TBR,,1.359834196,10.87867357,Brad Miller,12775,543543
2024,Lane Thomas,- - -,,1.350644379,10.80515504,Lane Thomas,16939,657041
2022,C.J. Cron,COL,,1.34859857,10.78878856,C.J. Cron,12546,543068
2023,Nick Castellanos,PHI,,1.343894457,10.75115565,Nick Castellanos,11737,592206
2018,Jason Kipnis,CLE,,1.339013569,10.71210855,Jason Kipnis,9776,543401
2022,Wilmer Flores,SFG,,1.336127491,10.68901993,Wilmer Flores,5827,527038
2022,Lane Thomas,WSN,,1.32784675,10.622774,Lane Thomas,16939,657041
2022,Whit Merrifield,- - -,,1.316929952,10.53543961,Whit Merrifield,11281,593160
2019,Leury García,CHW,,1.309852268,10.47881815,Leury Garcia,5913,544725
2021,Jesús Aguilar,MIA,,1.309322797,10.47458238,Jesus Aguilar,11342,542583
2015,Cameron Maybin,ATL,,1.308998447,10.47198757,Cameron Maybin,5223,457727
2023,Whit Merrifield,TOR,,1.295114794,10.36091835,Whit Merrifield,11281,593160
2022,Adam Frazier,SEA,,1.293009968,10.34407975,Adam Frazier,15223,624428
2023,Vladimir Guerrero Jr.,TOR,,1.291173961,10.32939169,Vladimir Guerrero Jr.,19611,665489
2016,Jay Bruce,- - -,,1.282383063,10.2590645,Jay Bruce,9892,457803
2023,Eddie Rosario,ATL,,1.273193923,10.18555139,Eddie Rosario,12155,592696
2016,Alcides Escobar,KCR,,1.270921007,10.16736806,Alcides Escobar,6310,444876
2018,Edwin Encarnación,CLE,,1.260924184,10.08739347,Edwin Encarnacion,2151,429665
2019,Miguel Rojas,MIA,,1.26087025,10.086962,Miguel Rojas,7802,500743
2022,Jonathan Schoop,DET,,1.254035389,10.03228311,Jonathan Schoop,11265,570731
2024,Jesse Winker,- - -,,1.253491731,10.02793385,Jesse Winker,13590,608385
2023,Ty France,SEA,,1.240194926,9.921559412,Ty France,17982,664034
2016,Howie Kendrick,LAD,,1.226751214,9.814009711,Howie Kendrick,4229,435062
2022,Patrick Wisdom,CHC,,1.21847873,9.747829837,Patrick Wisdom,13602,621550
2019,Andrew Benintendi,BOS,,1.214371274,9.714970194,Andrew Benintendi,17901,643217
2016,Mike Napoli,CLE,,1.202001021,9.616008172,Mike Napoli,3057,435063
2017,Kole Calhoun,LAA,,1.195230514,9.561844114,Kole Calhoun,11200,594777
2023,DJ LeMahieu,NYY,,1.19458095,9.5566476,DJ LeMahieu,9874,518934
2016,Marwin Gonzalez,HOU,,1.19111772,9.528941759,Marwin Gonzalez,5497,503556
2024,George Springer,TOR,,1.190706487,9.525651899,George Springer,12856,543807
2019,Eddie Rosario,MIN,,1.18995737,9.519658956,Eddie Rosario,12155,592696
2024,Justin Turner,- - -,,1.186588387,9.492707092,Justin Turner,5235,457759
2021,Nick Solak,TEX,,1.168402526,9.347220211,Nick Solak,19294,669256
2019,Wilson Ramos,NYM,,1.1682212,9.345769604,Wilson Ramos,1433,467092
2017,Kevin Pillar,TOR,,1.157844893,9.262759145,Kevin Pillar,12434,607680
2016,Chase Utley,LAD,,1.156700597,9.253604779,Chase Utley,1679,400284
2024,Maikel Garcia,KCR,,1.146405524,9.171244194,Maikel Garcia,22715,672580
2019,Franmil Reyes,- - -,,1.140126326,9.121010608,Franmil Reyes,14566,614177
2016,Cheslor Cuthbert,KCR,,1.133864617,9.070916935,Cheslor Cuthbert,10473,596144
2024,Paul Goldschmidt,STL,,1.116303943,8.930431542,Paul Goldschmidt,9218,502671
2023,Zach McKinstry,DET,,1.109931083,8.879448665,Zach McKinstry,19392,656716
2024,Luis Arraez,- - -,,1.104164838,8.833318707,Luis Arraez,18568,650333
2018,Teoscar Hernández,TOR,,1.103585628,8.828685026,Teoscar Hernandez,13066,606192
2022,Miguel Rojas,MIA,,1.089501616,8.716012925,Miguel Rojas,7802,500743
2015,Jacoby Ellsbury,NYY,,1.088179227,8.705433819,Jacoby Ellsbury,4727,453056
2015,Mark Trumbo,- - -,,1.085264823,8.682118586,Mark Trumbo,6876,444432
2019,Eloy Jiménez,CHW,,1.082385948,8.659087584,Eloy Jimenez,17484,650391
2024,Leody Taveras,TEX,,1.074483467,8.595867736,Leody Taveras,18900,665750
2015,Aramis Ramirez,- - -,,1.067268114,8.538144911,Aramis Ramirez,1002,133380
2022,Alex Verdugo,BOS,,1.066905131,8.535241048,Alex Verdugo,17027,657077
2024,Jorge Soler,- - -,,1.058758132,8.470065057,Jorge Soler,14221,624585
2023,Justin Turner,BOS,,1.057972924,8.463783395,Justin Turner,5235,457759
2022,Rowdy Tellez,MIL,,1.051900215,8.415201719,Rowdy Tellez,15679,642133
2015,Jace Peterson,ATL,,1.049332293,8.394658343,Jace Peterson,12325,607054
2018,Brian Dozier,- - -,,1.040739979,8.325919835,Brian Dozier,9810,572821
2019,Randal Grichuk,TOR,,1.040274426,8.322195408,Randal Grichuk,10243,545341
2018,Yoán Moncada,CHW,,1.036405314,8.291242509,Yoan Moncada,17232,660162
2019,Daniel Vogelbach,SEA,,1.03632736,8.290618882,Daniel Vogelbach,14130,596129
2016,Andrew McCutchen,PIT,,1.027391453,8.219131627,Andrew McCutchen,9847,457705
2016,Jayson Werth,WSN,,1.012708824,8.101670595,Jayson Werth,1327,150029
2018,Willson Contreras,CHC,,1.009746613,8.077972904,Willson Contreras,11609,575929
2019,Jurickson Profar,OAK,,1.005706468,8.045651748,Jurickson Profar,10815,595777
2018,Manuel Margot,SDP,,1.001406999,8.011255993,Manuel Margot,14712,622534
2016,B.J. Upton,- - -,,0.991034968,7.928279741,B.J. Upton,5015,425834
2018,Jonathan Schoop,- - -,,0.989578233,7.916625864,Jonathan Schoop,11265,570731
2015,Matt Kemp,SDP,,0.988456027,7.907648216,Matt Kemp,5631,461314
2016,Adrián González,LAD,,0.987936111,7.903488885,Adrian Gonzalez,1908,408236
2016,Danny Espinosa,WSN,,0.987459653,7.899677225,Danny Espinosa,9219,457787
2021,Tommy Pham,SDP,,0.972413522,7.779308174,Tommy Pham,2967,502054
2023,Kyle Schwarber,PHI,,0.96683196,7.734655683,Kyle Schwarber,16478,656941
2016,Albert Pujols,LAA,,0.957113888,7.656911104,Albert Pujols,1177,405395
2017,Ben Gamel,SEA,,0.952267479,7.618139832,Ben Gamel,12160,592325
2021,Trey Mancini,BAL,,0.950523585,7.604188684,Trey Mancini,15149,641820
2016,Maikel Franco,PHI,,0.939741596,7.517932771,Maikel Franco,12179,596748
2016,Victor Martinez,DET,,0.938962452,7.511699619,Victor Martinez,393,400121
2022,Trey Mancini,- - -,,0.929890607,7.439124854,Trey Mancini,15149,641820
2016,Kendrys Morales,KCR,,0.918474154,7.347793235,Kendrys Morales,8610,434778
2017,Mitch Moreland,BOS,,0.899103031,7.19282425,Mitch Moreland,3086,519048
2015,Erick Aybar,LAA,,0.892598143,7.140785146,Erick Aybar,4082,430947
2015,Brett Lawrie,OAK,,0.88849913,7.107993039,Brett Lawrie,5247,543434
2021,Miguel Sanó,MIN,,0.880226433,7.041811467,Miguel Sano,12164,593934
2021,Jed Lowrie,OAK,,0.880176676,7.041413404,Jed Lowrie,4418,476704
2017,Josh Bell,PIT,,0.872766256,6.982130044,Josh Bell,13145,605137
2021,Eric Hosmer,SDP,,0.870781532,6.966252259,Eric Hosmer,3516,543333
2022,Carlos Santana,- - -,,0.86269756,6.901580478,Carlos Santana,2396,467793
2024,Ceddanne Rafaela,BOS,,0.862212143,6.897697144,Ceddanne Rafaela,24262,678882
2021,David Fletcher,LAA,,0.85078964,6.806317123,David Fletcher,17992,664058
2019,Ryan McMahon,COL,,0.849033714,6.792269709,Ryan McMahon,15112,641857
2018,Joe Mauer,MIN,,0.838041514,6.704332109,Joe Mauer,1857,408045
2019,Rougned Odor,TEX,,0.811074071,6.488592568,Rougned Odor,12282,596059
2021,Ryan Mountcastle,BAL,,0.806347228,6.450777822,Ryan Mountcastle,18373,663624
2019,Joey Votto,CIN,,0.799825822,6.398606577,Joey Votto,4314,458015
2019,Josh Reddick,HOU,,0.788054041,6.304432331,Josh Reddick,3892,502210
2016,Scooter Gennett,MIL,,0.779353935,6.23483148,Scooter Gennett,10339,571697
2024,Brendan Rodgers,COL,,0.77760258,6.220820642,Brendan Rodgers,17907,663898
2023,Javier Báez,DET,,0.777098601,6.216788804,Javier Baez,12979,595879
2024,Orlando Arcia,ATL,,0.772385908,6.17908726,Orlando Arcia,13185,606115
2023,Jake Cronenworth,SDP,,0.772294023,6.178352185,Jake Cronenworth,18036,630105
2015,Salvador Perez,KCR,,0.770120201,6.160961608,Salvador Perez,7304,521692
2021,Pavin Smith,ARI,,0.745252962,5.962023693,Pavin Smith,19892,656976
2016,Zack Cozart,CIN,,0.734637111,5.87709689,Zack Cozart,2616,446359
2015,Torii Hunter,MIN,,0.703588317,5.628706533,Torii Hunter,731,116338
2022,Tommy Pham,- - -,,0.689547835,5.516382679,Tommy Pham,2967,502054
2019,Alex Gordon,KCR,,0.685427665,5.48342132,Alex Gordon,5209,460086
2016,Adeiny Hechavarría,MIA,,0.676750514,5.414004109,Adeiny Hechavarria,10459,588751
2022,Jesse Winker,SEA,,0.673500229,5.388001835,Jesse Winker,13590,608385
2024,Nolan Schanuel,LAA,,0.669976555,5.359812436,Nolan Schanuel,33189,694384
2019,Brandon Crawford,SFG,,0.666034502,5.328276019,Brandon Crawford,5343,543063
2015,José Reyes,- - -,,0.664950249,5.319601989,Jose Reyes,1736,408314
2018,Justin Bour,- - -,,0.635122058,5.080976462,Justin Bour,9744,571506
2018,Kyle Seager,SEA,,0.630224915,5.041799321,Kyle Seager,9785,572122
2017,Nick Markakis,ATL,,0.613282705,4.906261644,Nick Markakis,5930,455976
2019,Kevin Pillar,- - -,,0.61316431,4.905314484,Kevin Pillar,12434,607680
2023,Masataka Yoshida,BOS,,0.61119358,4.88954864,Masataka Yoshida,31837,807799
2024,Alec Burleson,STL,,0.610728093,4.885824746,Alec Burleson,27615,676475
2017,Mark Reynolds,COL,,0.610431024,4.88344819,Mark Reynolds,7619,448602
2016,Jason Heyward,CHC,,0.606245998,4.849967982,Jason Heyward,4940,518792
2015,Anthony Gose,DET,,0.605221792,4.841774335,Anthony Gose,5097,543238
2024,Alex Verdugo,NYY,,0.605026681,4.840213445,Alex Verdugo,17027,657077
2017,Brandon Phillips,- - -,,0.595219726,4.761757805,Brandon Phillips,791,408252
2016,Nomar Mazara,TEX,,0.592253624,4.73802899,Nomar Mazara,14553,608577
2015,Starlin Castro,CHC,,0.58589864,4.687189119,Starlin Castro,4579,516770
2017,Tim Anderson,CHW,,0.568217156,4.545737248,Tim Anderson,15172,641313
2022,Andrew McCutchen,MIL,,0.565959616,4.527676928,Andrew McCutchen,9847,457705
2017,Danny Valencia,SEA,,0.558079852,4.464638815,Danny Valencia,6364,502143
2016,Nick Markakis,ATL,,0.554949108,4.439592861,Nick Markakis,5930,455976
2021,Randal Grichuk,TOR,,0.544071274,4.35257019,Randal Grichuk,10243,545341
2016,Denard Span,SFG,,0.539619611,4.31695689,Denard Span,8347,452655
2019,Brandon Belt,SFG,,0.535867978,4.286943827,Brandon Belt,10264,474832
2022,AJ Pollock,CHW,,0.529972112,4.239776897,AJ Pollock,9256,572041
2018,Nomar Mazara,TEX,,0.513972994,4.111783948,Nomar Mazara,14553,608577
2016,Corey Dickerson,TBR,,0.499948452,3.999587614,Corey Dickerson,10762,572816
2019,Justin Smoak,TOR,,0.495124632,3.960997054,Justin Smoak,9054,475253
2021,Raimel Tapia,COL,,0.491999949,3.935999596,Raimel Tapia,14350,606132
2024,Andrew McCutchen,PIT,,0.488102602,3.904820813,Andrew McCutchen,9847,457705
2016,Adonis García,ATL,,0.487039457,3.896315655,Adonis Garcia,13777,611177
2022,Randal Grichuk,COL,,0.481492841,3.851942728,Randal Grichuk,10243,545341
2015,Nick Castellanos,DET,,0.481107322,3.848858574,Nick Castellanos,11737,592206
2022,César Hernández,WSN,,0.479839369,3.838714955,Cesar Hernandez,10556,514917
2023,Andrew Vaughn,CHW,,0.479270162,3.834161299,Andrew Vaughn,26197,683734
2017,Alcides Escobar,KCR,,0.476775121,3.814200972,Alcides Escobar,6310,444876
2016,Salvador Perez,KCR,,0.469704456,3.757635648,Salvador Perez,7304,521692
2019,Dexter Fowler,STL,,0.469611649,3.756893191,Dexter Fowler,4062,451594
2016,Travis Shaw,BOS,,0.448153384,3.585227075,Travis Shaw,11982,543768
2015,Jimmy Rollins,LAD,,0.441155313,3.529242503,Jimmy Rollins,971,276519
2019,Colin Moran,PIT,,0.427433373,3.419466987,Colin Moran,16909,592567
2022,Luke Voit,- - -,,0.421766294,3.374130353,Luke Voit,14811,572228
2018,Evan Longoria,SFG,,0.416202954,3.329623632,Evan Longoria,9368,446334
2023,Amed Rosario,- - -,,0.411259807,3.290078459,Amed Rosario,15518,642708
2018,Amed Rosario,NYM,,0.405976785,3.247814284,Amed Rosario,15518,642708
2015,Brandon Moss,- - -,,0.379182573,3.033460582,Brandon Moss,4467,461235
2023,Josh Bell,- - -,,0.377944805,3.023558439,Josh Bell,13145,605137
2017,Denard Span,SFG,,0.375590081,3.004720648,Denard Span,8347,452655
2018,Derek Dietrich,MIA,,0.374618833,2.996950661,Derek Dietrich,10542,518618
2023,Hunter Renfroe,- - -,,0.362815092,2.902520733,Hunter Renfroe,15464,592669
2024,Nick Castellanos,PHI,,0.359347627,2.874781016,Nick Castellanos,11737,592206
2019,Jason Kipnis,CLE,,0.354664749,2.837317991,Jason Kipnis,9776,543401
2019,Yolmer Sánchez,CHW,,0.350720745,2.805765958,Yolmer Sanchez,11602,570560
2017,Shin-Soo Choo,TEX,,0.337131493,2.697051941,Shin-Soo Choo,3174,425783
2018,Dee Strange-Gordon,SEA,,0.330741249,2.645929991,Dee Strange-Gordon,8203,543829
2015,Joe Mauer,MIN,,0.324587894,2.596703154,Joe Mauer,1857,408045
2019,Vladimir Guerrero Jr.,TOR,,0.300632041,2.405056328,Vladimir Guerrero Jr.,19611,665489
2016,Stephen Vogt,OAK,,0.285217282,2.281738252,Stephen Vogt,5000,519390
2018,Kole Calhoun,LAA,,0.28434234,2.274738717,Kole Calhoun,11200,594777
2015,Evan Gattis,HOU,,0.265760104,2.126080832,Evan Gattis,11003,594828
2022,Geraldo Perdomo,ARI,,0.260714944,2.085719554,Geraldo Perdomo,22799,672695
2023,MJ Melendez,KCR,,0.247788263,1.982306105,MJ Melendez,22197,669004
2015,Jay Bruce,CIN,,0.230541156,1.844329249,Jay Bruce,9892,457803
2016,Eric Hosmer,KCR,,0.215158175,1.721265396,Eric Hosmer,3516,543333
2018,Trey Mancini,BAL,,0.202506241,1.620049926,Trey Mancini,15149,641820
2017,Nomar Mazara,TEX,,0.165114006,1.320912051,Nomar Mazara,14553,608577
2023,Myles Straw,CLE,,0.163990266,1.311922129,Myles Straw,17620,664702
2018,Salvador Perez,KCR,,0.152358534,1.218868272,Salvador Perez,7304,521692
2022,Charlie Blackmon,COL,,0.146912252,1.175298017,Charlie Blackmon,7859,453568
2024,Rhys Hoskins,MIL,,0.144149171,1.153193369,Rhys Hoskins,16472,656555
2019,Domingo Santana,SEA,,0.143542043,1.148336344,Domingo Santana,10348,570267
2015,Alexei Ramirez,CHW,,0.133082231,1.064657845,Alexei Ramirez,5133,493351
2018,Adam Jones,BAL,,0.117948477,0.943587814,Adam Jones,6368,430945
2017,Hunter Pence,SFG,,0.117467055,0.939736438,Hunter Pence,8252,452254
2018,Yonder Alonso,CLE,,0.081419471,0.651355766,Yonder Alonso,2530,475174
2019,Renato Núñez,BAL,,0.068066227,0.544529814,Renato Nunez,14503,600524
2015,Melky Cabrera,CHW,,0.065949628,0.527597022,Melky Cabrera,4022,466320
2015,Jean Segura,MIL,,0.058807356,0.470458846,Jean Segura,5933,516416
2017,Melky Cabrera,- - -,,0.045757994,0.366063953,Melky Cabrera,4022,466320
2017,Carlos González,COL,,0.041061122,0.328488974,Carlos Gonzalez,7287,471865
2017,Ryon Healy,OAK,,0.037389845,0.299118763,Ryon Healy,15447,592387
2018,Tucker Barnhart,CIN,,0.02776839,0.222147124,Tucker Barnhart,10200,571466
2015,Logan Morrison,SEA,,0.004551705,0.036413644,Logan Morrison,9205,489149
2021,Eugenio Suárez,CIN,,-0.017320536,-0.138564289,Eugenio Suarez,12552,553993
2017,Maikel Franco,PHI,,-0.020320213,-0.162561706,Maikel Franco,12179,596748
2023,Elias Díaz,COL,,-0.022798242,-0.182385934,Elias Diaz,11680,553869
2018,Jon Jay,- - -,,-0.024414694,-0.19531755,Jon Jay,5227,445055
2016,Yonder Alonso,OAK,,-0.027385126,-0.219081005,Yonder Alonso,2530,475174
2023,Dominic Smith,WSN,,-0.033052363,-0.264418905,Dominic Smith,15653,642086
2018,Eric Hosmer,SDP,,-0.037297759,-0.298382073,Eric Hosmer,3516,543333
2021,Jorge Soler,- - -,,-0.047553444,-0.380427548,Jorge Soler,14221,624585
2017,José Peraza,CIN,,-0.04792589,-0.383407117,Jose Peraza,13593,606299
2021,Charlie Blackmon,COL,,-0.079869114,-0.638952914,Charlie Blackmon,7859,453568
2015,Michael A. Taylor,WSN,,-0.083859985,-0.670879878,Michael A. Taylor,11489,572191
2024,Josh Bell,- - -,,-0.138789021,-1.110312166,Josh Bell,13145,605137
2024,Andrew Vaughn,CHW,,-0.153829697,-1.230637575,Andrew Vaughn,26197,683734
2015,Ángel Pagán,SFG,,-0.157025308,-1.256202463,Angel Pagan,2918,434636
2016,Brandon Phillips,CIN,,-0.181837858,-1.454702864,Brandon Phillips,791,408252
2015,Ryan Howard,PHI,,-0.183694675,-1.469557402,Ryan Howard,2154,429667
2023,Tim Anderson,CHW,,-0.191831073,-1.534648583,Tim Anderson,15172,641313
2024,Adolis García,TEX,,-0.192640901,-1.541127211,Adolis Garcia,19287,666969
2023,Joey Meneses,WSN,,-0.228344309,-1.826754469,Joey Meneses,14366,608841
2018,Yangervis Solarte,TOR,,-0.244088454,-1.95270763,Yangervis Solarte,5352,500208
2019,Miguel Cabrera,DET,,-0.272389677,-2.179117418,Miguel Cabrera,1744,408234
2016,Mitch Moreland,TEX,,-0.287225421,-2.297803365,Mitch Moreland,3086,519048
2017,Hanley Ramirez,BOS,,-0.297113493,-2.376907942,Hanley Ramirez,8001,434670
2015,Avisaíl García,CHW,,-0.308700964,-2.469607714,Avisail Garcia,5760,541645
2017,Kendrys Morales,TOR,,-0.316186371,-2.529490965,Kendrys Morales,8610,434778
2023,Bryan De La Cruz,MIA,,-0.316660005,-2.533280042,Bryan De La Cruz,19600,650559
2019,Albert Pujols,LAA,,-0.322512124,-2.580096989,Albert Pujols,1177,405395
2022,Nick Castellanos,PHI,,-0.331235834,-2.649886671,Nick Castellanos,11737,592206
2024,Andrew Benintendi,CHW,,-0.335692709,-2.685541672,Andrew Benintendi,17901,643217
2022,Marcell Ozuna,ATL,,-0.335941509,-2.687532072,Marcell Ozuna,10324,542303
2023,Andrew Benintendi,CHW,,-0.347840347,-2.782722777,Andrew Benintendi,17901,643217
2023,Salvador Perez,KCR,,-0.368430287,-2.947442293,Salvador Perez,7304,521692
2017,Chris Davis,BAL,,-0.385725404,-3.085803233,Chris Davis,9272,448801
2021,Kevin Newman,PIT,,-0.394946454,-3.159571631,Kevin Newman,17696,621028
2017,Miguel Cabrera,DET,,-0.397026875,-3.176215001,Miguel Cabrera,1744,408234
2018,Ian Desmond,COL,,-0.417276213,-3.338209704,Ian Desmond,6885,435622
2023,José Abreu,HOU,,-0.438455675,-3.507645402,Jose Abreu,15676,547989
2017,Dansby Swanson,ATL,,-0.448219101,-3.585752807,Dansby Swanson,18314,621020
2019,Adam Jones,ARI,,-0.453085995,-3.624687962,Adam Jones,6368,430945
2017,Tommy Joseph,PHI,,-0.455367113,-3.642936906,Tommy Joseph,10349,571830
2021,Miguel Cabrera,DET,,-0.455814778,-3.646518221,Miguel Cabrera,1744,408234
2022,Nelson Cruz,WSN,,-0.459530484,-3.67624387,Nelson Cruz,2434,443558
2016,Yasmany Tomás,ARI,,-0.481501479,-3.852011834,Yasmany Tomas,17171,630111
2015,Wilson Ramos,WSN,,-0.487640128,-3.901121026,Wilson Ramos,1433,467092
2023,Keibert Ruiz,WSN,,-0.493536952,-3.948295613,Keibert Ruiz,19610,660688
2018,Eduardo Núñez,BOS,,-0.500953912,-4.007631294,Eduardo Nunez,6848,456488
2022,Andrew Vaughn,CHW,,-0.509165911,-4.073327292,Andrew Vaughn,26197,683734
2017,Alex Gordon,KCR,,-0.540958373,-4.327666986,Alex Gordon,5209,460086
2017,Rougned Odor,TEX,,-0.585391494,-4.683131952,Rougned Odor,12282,596059
2018,Ryon Healy,SEA,,-0.598424927,-4.787399413,Ryon Healy,15447,592387
2023,Tyler Stephenson,CIN,,-0.654137129,-5.233097036,Tyler Stephenson,17988,663886
2016,Matt Kemp,- - -,,-0.683641373,-5.469130982,Matt Kemp,5631,461314
2022,MJ Melendez,KCR,,-0.699873629,-5.598989034,MJ Melendez,22197,669004
2022,Yuli Gurriel,HOU,,-0.706572824,-5.65258259,Yuli Gurriel,19198,493329
2021,Carlos Santana,KCR,,-0.760011848,-6.080094785,Carlos Santana,2396,467793
2022,Jesús Aguilar,- - -,,-0.762733174,-6.101865391,Jesus Aguilar,11342,542583
2021,Hunter Dozier,KCR,,-0.803664189,-6.429313509,Hunter Dozier,15117,641531
2015,Billy Butler,OAK,,-0.84099793,-6.727983442,Billy Butler,7399,456714
2017,José Bautista,TOR,,-0.852549301,-6.820394406,Jose Bautista,1887,430832
2024,Gavin Sheets,CHW,,-0.885704754,-7.08563803,Gavin Sheets,19901,657757
2024,Ty France,- - -,,-0.893156356,-7.14525085,Ty France,17982,664034
2018,Alcides Escobar,KCR,,-0.900350773,-7.202806183,Alcides Escobar,6310,444876
2019,Eric Hosmer,SDP,,-0.908385278,-7.267082225,Eric Hosmer,3516,543333
2019,Orlando Arcia,MIL,,-0.919825221,-7.358601769,Orlando Arcia,13185,606115
2019,Khris Davis,OAK,,-0.951512974,-7.61210379,Khris Davis,9112,501981
2024,Christopher Morel,- - -,,-0.970673983,-7.765391864,Christopher Morel,21897,666624
2022,Hunter Dozier,KCR,,-1.029385783,-8.235086264,Hunter Dozier,15117,641531
2015,Chris Owings,ARI,,-1.085503845,-8.684030764,Chris Owings,10030,572008
2023,Enrique Hernández,- - -,,-1.111588238,-8.892705901,Enrique Hernandez,10472,571771
2015,Pablo Sandoval,BOS,,-1.190391965,-9.523135722,Pablo Sandoval,5409,467055
2017,Carlos Beltrán,HOU,,-1.223063471,-9.784507772,Carlos Beltran,589,136860
2024,Bryan De La Cruz,- - -,,-1.235254202,-9.88203362,Bryan De La Cruz,19600,650559
2016,Alexei Ramirez,- - -,,-1.53950322,-12.31602576,Alexei Ramirez,5133,493351
2023,Jurickson Profar,- - -,,-1.569869924,-12.55895939,Jurickson Profar,10815,595777
2018,Victor Martinez,DET,,-1.652799197,-13.22239357,Victor Martinez,393,400121
2017,Mark Trumbo,BAL,,-1.73576621,-13.88612968,Mark Trumbo,6876,444432
2017,Albert Pujols,LAA,,-1.814841092,-14.51872874,Albert Pujols,1177,405395
2018,Chris Davis,BAL,,-2.547022953,-20.37618363,Chris Davis,9272,448801
